row_id,pid,rlabel,ordercon,ip,dateadded,datemodified,numsecs,nummins,code,rankOrder,rank2indif,rank3indif,rank4indif,rank5indif,rank6indif,rank7indif,rank8indif,rank9indif,actuallyrank,feelfirst,feellast,howcompetitive,howfit,gender,age,ethnicity
1,19962,w,1,ip_00386,2015-01-19 15:10:04,2018-01-18 18:21:33,200,3.33,19962-55296,"5,9,2,8,3",0.73,0.70,,0.39,,,0.11,0.11,5,6,2,5,4,F,21,Asian
2,19975,n,2,ip_00328,2015-01-19 15:53:20,2018-01-18 18:21:33,210,3.50,19975-27720,"5,2,9,3,8",0.70,0.17,,0.17,,,0.08,0.02,8,7,1,7,5,M,19,White
3,19976,w,1,ip_00410,2015-01-19 15:58:25,2018-01-18 18:21:33,200,3.33,19976-55008,"5,9,2,8,3",0.73,0.48,,0.11,,,0.02,0.02,3,6,5,5,5,M,19,White
4,19981,n,1,ip_00387,2015-01-19 16:58:12,2018-01-18 18:21:33,233,3.88,19981-50040,"5,9,2,8,3",0.89,0.67,,0.30,,,0.14,0.05,3,7,3,3,6,F,19,Asian
5,19982,w,1,ip_00386,2015-01-19 16:58:36,2018-01-18 18:21:33,298,4.97,19982-9360,"5,9,2,8,3",0.86,0.52,,0.61,,,0.11,0.02,3,6,2,6,5,M,21,Asian
6,19980,w,1,ip_00410,2015-01-19 17:00:03,2018-01-18 18:21:33,245,4.08,19980-55584,"5,9,2,8,3",0.61,0.61,,0.36,,,0.08,0.02,2,7,1,7,7,M,20,Asian
7,19978,w,1,ip_00328,2015-01-19 17:05:47,2018-01-18 18:21:33,181,3.02,19978-44352,"5,9,2,8,3",0.61,0.61,,0.61,,,0.61,0.39,3,7,2,3,4,F,21,Asian
8,19984,w,2,ip_00387,2015-01-19 17:35:15,2018-01-18 18:21:33,154,2.57,19984-57384,"5,2,9,3,8",0.89,0.61,,0.48,,,0.05,0.02,4,7,1,6,2,F,19,Other
9,19990,w,2,ip_00386,2015-01-19 17:48:00,2018-01-18 18:21:33,203,3.38,19990-48744,"5,2,9,3,8",0.27,0.39,,0.27,,,0.27,0.27,1,7,1,7,5,M,23,Other
10,19988,w,1,ip_00410,2015-01-19 18:00:08,2018-01-18 18:21:33,321,5.35,19988-12456,"5,9,2,8,3",0.39,0.23,,0.08,,,0.08,0.02,1,7,5,6,5,M,20,Hispanic or Latin American
11,19986,w,2,ip_00328,2015-01-19 18:06:14,2018-01-18 18:21:33,506,8.43,19986-19440,"5,2,9,3,8",0.83,0.30,,0.33,,,0.20,0.17,2,7,3,6,5,M,21,Asian
12,19994,w,1,ip_00387,2015-01-20 13:59:32,2018-01-18 18:21:33,349,5.82,19994-51552,"5,9,2,8,3",0.73,0.55,,0.86,,,0.48,0.98,4,7,2,3,4,F,22,Asian
13,19999,n,1,ip_00386,2015-01-20 14:01:41,2018-01-18 18:21:33,196,3.27,19999-39024,"5,9,2,8,3",0.61,0.61,,0.33,,,0.05,0.11,3,6,2,6,5,F,19,Asian
14,19997,n,1,ip_00330,2015-01-20 14:04:17,2018-01-18 18:21:33,272,4.53,19997-43560,"5,9,2,8,3",0.98,0.89,,0.48,,,0.08,0.05,5,7,3,4,5,F,22,Other
15,20001,n,1,ip_00410,2015-01-20 14:05:32,2018-01-18 18:21:33,251,4.18,20001-5184,"5,9,2,8,3",0.95,0.89,,0.80,,,0.39,0.14,6,4,2,2,4,F,20,White
16,20005,n,2,ip_00330,2015-01-20 14:58:01,2018-01-18 18:21:33,357,5.95,20005-9000,"5,2,9,3,8",0.83,0.23,,0.11,,,0.05,0.02,2,6,2,5,6,F,21,White
17,20008,w,2,ip_00387,2015-01-20 15:02:14,2018-01-18 18:21:33,330,5.50,20008-51048,"5,2,9,3,8",0.77,0.17,,0.14,,,0.05,0.02,1,5,4,5,6,M,20,White
18,20003,n,2,ip_00386,2015-01-20 15:06:02,2018-01-18 18:21:33,201,3.35,20003-20160,"5,2,9,3,8",0.89,0.70,,0.61,,,0.20,0.11,5,4,2,4,5,M,20,Asian
19,20007,n,1,ip_00410,2015-01-20 15:06:57,2018-01-18 18:21:33,179,2.98,20007-51912,"5,9,2,8,3",0.73,0.23,,0.27,,,0.27,0.02,3,7,3,4,5,M,20,Asian
20,20011,n,2,ip_00410,2015-01-20 15:35:26,2018-01-18 18:21:33,255,4.25,20011-50472,"5,2,9,3,8",0.48,0.23,,0.33,,,0.08,0.08,3,7,1,7,5,M,26,Asian
21,20014,w,1,ip_00386,2015-01-20 16:03:05,2018-01-18 18:21:33,210,3.50,20014-63576,"5,9,2,8,3",0.67,0.39,,0.48,,,0.02,0.02,5,7,3,5,1,F,20,Asian
22,20013,n,2,ip_00330,2015-01-20 16:06:57,2018-01-18 18:21:33,230,3.83,20013-45504,"5,2,9,3,8",0.92,0.70,,0.80,,,0.05,0.08,4,5,3,5,4,M,20,Asian
23,20016,w,1,ip_00387,2015-01-20 16:09:45,2018-01-18 18:21:33,283,4.72,20016-43200,"5,9,2,8,3",0.58,0.58,,0.48,,,0.39,0.42,5,7,2,7,2,F,20,Asian
24,20022,w,1,ip_00387,2015-01-20 16:54:48,2018-01-18 18:21:33,232,3.87,20022-35496,"5,9,2,8,3",0.89,0.83,,0.73,,,0.58,0.11,4,7,2,6,6,F,19,Asian
25,20020,w,1,ip_00330,2015-01-20 17:03:28,2018-01-18 18:21:33,186,3.10,20020-22176,"5,9,2,8,3",0.45,0.23,,0.30,,,0.08,0.02,3,7,1,7,5,F,20,Other
26,20026,w,1,ip_00386,2015-01-20 17:07:40,2018-01-18 18:21:33,220,3.67,20026-60912,"5,9,2,8,3",0.11,0.08,,0.11,,,0.08,0.02,4,7,2,5,5,F,22,Asian
27,20025,n,1,ip_00410,2015-01-20 17:10:07,2018-01-18 18:21:33,264,4.40,20025-47592,"5,9,2,8,3",0.95,0.95,,0.61,,,0.05,0.02,4,7,1,5,5,F,21,Asian
28,20034,w,2,ip_00410,2015-01-20 17:56:45,2018-01-18 18:21:33,242,4.03,20034-47448,"5,2,9,3,8",0.58,0.39,,0.39,,,0.20,0.11,3,7,2,7,5,F,18,Asian
29,20036,w,2,ip_00387,2015-01-20 17:57:29,2018-01-18 18:21:33,289,4.82,20036-52128,"5,2,9,3,8",0.70,0.61,,0.61,,,0.23,0.39,2,7,4,2,2,F,20,Asian
30,20032,w,2,ip_00386,2015-01-20 17:59:47,2018-01-18 18:21:33,220,3.67,20032-4680,"5,2,9,3,8",0.98,0.61,,0.61,,,0.42,0.27,4,4,2,6,2,F,21,Asian
31,20030,w,1,ip_00330,2015-01-20 18:05:53,2018-01-18 18:21:33,261,4.35,20030-53640,"5,9,2,8,3",0.48,0.80,,0.95,,,0.98,0.98,7,7,1,5,3,F,20,Asian
32,20037,n,1,ip_00331,2015-01-21 09:05:11,2018-01-18 18:21:33,342,5.70,20037-60912,"5,9,2,8,3",0.58,0.58,,0.11,,,0.02,0.02,2,7,1,6,1,M,23,White
33,20040,w,2,ip_00386,2015-01-21 09:05:22,2018-01-18 18:21:33,281,4.68,20040-47880,"5,2,9,3,8",0.95,0.92,,0.86,,,0.20,0.08,9,7,5,3,2,M,20,White
34,20051,n,1,ip_00410,2015-01-21 10:06:59,2018-01-18 18:21:33,196,3.27,20051-51264,"5,9,2,8,3",0.11,0.30,,0.30,,,0.11,0.02,3,7,2,6,5,F,21,Other
35,20048,w,2,ip_00331,2015-01-21 10:09:04,2018-01-18 18:21:33,322,5.37,20048-32472,"5,2,9,3,8",0.83,0.83,,0.86,,,0.61,0.05,2,7,1,7,5,F,21,Asian
36,20049,n,1,ip_00386,2015-01-21 10:12:19,2018-01-18 18:21:33,350,5.83,20049-62136,"5,9,2,8,3",0.70,0.61,,0.58,,,0.64,0.48,2,7,2,7,5,F,19,Asian
37,20053,n,1,ip_00410,2015-01-21 11:06:12,2018-01-18 18:21:33,270,4.50,20053-15192,"5,9,2,8,3",0.89,0.89,,0.77,,,0.27,0.23,5,7,1,6,3,F,22,Asian
38,20055,n,1,ip_00386,2015-01-21 11:06:54,2018-01-18 18:21:33,206,3.43,20055-18720,"5,9,2,8,3",0.64,0.52,,0.58,,,0.02,0.02,5,7,1,6,1,F,21,Asian
39,20057,n,1,ip_00331,2015-01-21 11:07:02,2018-01-18 18:21:33,227,3.78,20057-5760,"5,9,2,8,3",0.23,0.14,,0.14,,,0.05,0.02,1,7,3,7,6,M,21,Other
40,20059,n,2,ip_01019,2015-01-21 11:07:28,2018-01-18 18:21:33,215,3.58,20059-6768,"5,2,9,3,8",0.89,0.89,,0.61,,,0.42,0.42,5,6,3,5,5,F,20,Asian
41,20064,w,2,ip_00386,2015-01-21 12:04:22,2018-01-18 18:21:33,179,2.98,20064-61272,"5,2,9,3,8",0.61,0.42,,0.33,,,0.02,0.02,4,7,4,5,4,F,19,Asian
42,20067,n,1,ip_00410,2015-01-21 12:05:32,2018-01-18 18:21:33,215,3.58,20067-20592,"5,9,2,8,3",0.89,0.64,,0.61,,,0.27,0.17,3,7,1,5,5,F,22,Asian
43,20068,w,1,ip_00331,2015-01-21 12:06:26,2018-01-18 18:21:33,266,4.43,20068-22320,"5,9,2,8,3",0.30,0.30,,0.02,,,0.11,0.05,7,5,4,5,2,F,22,Asian
44,20071,n,2,ip_01019,2015-01-21 12:07:00,2018-01-18 18:21:33,254,4.23,20071-35208,"5,2,9,3,8",0.11,0.08,,0.08,,,0.02,0.02,1,7,4,5,5,F,23,Asian
45,20078,w,1,ip_00331,2015-01-21 13:05:13,2018-01-18 18:21:33,257,4.28,20078-49248,"5,9,2,8,3",0.80,0.48,,0.30,,,0.02,0.02,4,7,4,4,5,F,21,Asian
46,20074,w,1,ip_00386,2015-01-21 13:05:31,2018-01-18 18:21:33,174,2.90,20074-12672,"5,9,2,8,3",0.02,0.02,,0.02,,,0.02,0.02,4,7,3,7,4,F,19,White
47,20076,w,2,ip_00410,2015-01-21 13:07:02,2018-01-18 18:21:33,340,5.67,20076-14544,"5,2,9,3,8",0.89,0.67,,0.36,,,0.05,0.05,4,6,4,6,5,F,20,White
48,20082,w,1,ip_01019,2015-01-21 13:07:49,2018-01-18 18:21:33,,,,"5,9,2,8,3",,,,0.36,,,,,,,,,,,,
49,20087,n,1,ip_00331,2015-01-21 14:01:28,2018-01-18 18:21:33,192,3.20,20087-29520,"5,9,2,8,3",0.83,0.83,,0.73,,,0.08,0.08,5,7,2,5,2,F,20,
50,20093,n,1,ip_00410,2015-01-21 14:03:23,2018-01-18 18:21:33,216,3.60,20093-51624,"5,9,2,8,3",0.48,0.23,,0.36,,,0.11,0.11,3,5,2,5,5,M,20,Asian
51,20085,n,1,ip_00386,2015-01-21 14:03:27,2018-01-18 18:21:33,218,3.63,20085-3960,"5,9,2,8,3",0.73,0.42,,0.39,,,0.20,0.17,2,7,4,6,5,M,20,Asian
52,20091,n,2,ip_01018,2015-01-21 14:04:49,2018-01-18 18:21:33,181,3.02,20091-30816,"5,2,9,3,8",0.11,0.11,,0.02,,,0.02,0.02,3,7,3,5,6,M,22,Asian
53,20122,w,2,ip_00410,2015-01-21 15:08:09,2018-01-18 18:21:33,181,3.02,20122-31824,"5,2,9,3,8",0.48,0.11,,0.61,,,0.02,0.02,2,7,1,6,5,F,21,Asian
54,20118,w,2,ip_00331,2015-01-21 15:08:47,2018-01-18 18:21:33,244,4.07,20118-50400,"5,2,9,3,8",0.95,0.92,,0.89,,,0.61,0.39,3,6,2,5,4,M,20,Asian
55,20119,n,1,ip_00386,2015-01-21 15:09:03,2018-01-18 18:21:33,211,3.52,20119-58320,"5,9,2,8,3",0.77,0.77,,0.61,,,0.14,0.14,3,5,1,6,4,M,19,Asian
56,20124,w,1,ip_01018,2015-01-21 15:10:22,2018-01-18 18:21:33,218,3.63,20124-51552,"5,9,2,8,3",0.48,0.42,,0.48,,,0.39,0.39,2,7,3,7,5,F,20,Asian
57,20127,n,1,ip_00386,2015-01-21 16:01:38,2018-01-18 18:21:33,163,2.72,20127-35136,"5,9,2,8,3",0.73,0.77,,0.58,,,0.55,0.45,3,7,1,5,2,F,20,Asian
58,20126,w,2,ip_00331,2015-01-21 16:02:37,2018-01-18 18:21:33,183,3.05,20126-39456,"5,2,9,3,8",0.73,0.48,,0.23,,,0.17,0.02,4,5,3,6,5,M,20,Asian
59,20132,w,1,ip_00410,2015-01-21 16:02:38,2018-01-18 18:21:33,190,3.17,20132-55008,"5,9,2,8,3",0.61,0.61,,0.48,,,0.33,0.14,3,6,4,6,5,F,20,Asian
60,20130,w,2,ip_01018,2015-01-21 16:02:59,2018-01-18 18:21:33,292,4.87,20130-53208,"5,2,9,3,8",0.77,0.77,,0.48,,,0.14,0.08,2,7,1,7,5,M,21,White
61,20137,n,2,ip_00410,2015-01-21 17:03:55,2018-01-18 18:21:33,274,4.57,20137-25200,"5,2,9,3,8",0.45,0.39,,0.45,,,0.11,0.05,5,7,2,7,2,F,21,White
62,20142,w,2,ip_00332,2015-01-22 13:07:58,2018-01-18 18:21:33,197,3.28,20142-20592,"5,2,9,3,8",0.20,0.05,,0.08,,,0.02,0.02,2,6,3,6,6,M,25,White
63,20149,n,2,ip_00386,2015-01-22 14:06:35,2018-01-18 18:21:33,257,4.28,20149-29232,"5,2,9,3,8",0.20,0.17,,0.17,,,0.11,0.02,6,7,3,5,2,M,21,Asian
64,20148,w,1,ip_00332,2015-01-22 14:09:21,2018-01-18 18:21:33,305,5.08,20148-52776,"5,9,2,8,3",0.70,0.67,,0.42,,,0.20,0.20,3,6,4,5,5,M,21,White
65,20159,n,2,ip_00387,2015-01-22 15:03:12,2018-01-18 18:21:33,209,3.48,20159-11376,"5,2,9,3,8",0.23,0.23,,0.23,,,0.02,0.02,1,7,1,7,6,M,19,Asian
66,20153,n,2,ip_00386,2015-01-22 15:04:07,2018-01-18 18:21:33,218,3.63,20153-37656,"5,2,9,3,8",0.73,0.20,,0.05,,,0.08,0.11,3,7,4,5,7,M,19,Asian
67,20154,w,2,ip_00410,2015-01-22 15:05:18,2018-01-18 18:21:33,145,2.42,20154-57024,"5,2,9,3,8",0.02,0.02,,0.02,,,0.02,0.02,1,7,1,7,7,M,19,White
68,20151,n,1,ip_00332,2015-01-22 15:06:58,2018-01-18 18:21:33,235,3.92,20151-34344,"5,9,2,8,3",0.17,0.05,,0.11,,,0.02,0.02,2,6,4,5,3,M,21,Asian
69,20164,w,1,ip_00410,2015-01-22 16:04:31,2018-01-18 18:21:33,213,3.55,20164-49896,"5,9,2,8,3",0.73,0.45,,0.39,,,0.17,0.17,2,7,2,6,4,F,19,Asian
70,20160,w,1,ip_00332,2015-01-22 16:05:49,2018-01-18 18:21:33,375,6.25,20160-17208,"5,9,2,8,3",0.48,0.20,,0.11,,,0.05,0.02,3,6,2,6,6,F,23,White
71,20167,n,2,ip_00387,2015-01-22 16:06:16,2018-01-18 18:21:33,214,3.57,20167-53424,"5,2,9,3,8",0.52,0.48,,0.39,,,0.02,0.02,4,7,2,6,4,F,19,Asian
72,20163,n,2,ip_00386,2015-01-22 16:06:17,2018-01-18 18:21:33,385,6.42,20163-47880,"5,2,9,3,8",0.80,0.48,,0.20,,,0.11,0.02,8,6,3,6,6,M,20,White
73,20170,w,1,ip_00332,2015-01-22 17:02:14,2018-01-18 18:21:33,140,2.33,20170-23976,"5,9,2,8,3",0.86,0.36,,0.36,,,0.20,0.02,4,7,1,6,3,F,19,Asian
74,20176,w,1,ip_00387,2015-01-22 17:03:04,2018-01-18 18:21:33,247,4.12,20176-16992,"5,9,2,8,3",0.73,0.61,,0.48,,,0.20,0.11,3,6,3,5,6,M,20,Asian
75,20172,w,1,ip_00386,2015-01-22 17:06:47,2018-01-18 18:21:33,209,3.48,20172-50184,"5,9,2,8,3",0.92,0.92,,0.70,,,0.08,0.08,3,7,1,5,6,F,19,Asian
76,20174,w,1,ip_00410,2015-01-22 17:06:49,2018-01-18 18:21:33,248,4.13,20174-38232,"5,9,2,8,3",0.42,0.36,,0.33,,,0.08,0.05,2,7,1,7,7,M,20,Asian
77,20183,n,2,ip_00386,2015-01-23 09:02:58,2018-01-18 18:21:33,3647,60.78,20183-40824,"5,2,9,3,8",0.89,0.80,,0.61,,,0.39,0.23,10,6,3,6,5,M,20,Asian
78,20181,n,2,ip_00327,2015-01-23 09:06:21,2018-01-18 18:21:33,238,3.97,20181-46800,"5,2,9,3,8",0.83,0.58,,0.52,,,0.11,0.11,1,7,3,7,6,M,22,White
79,20190,w,2,ip_00387,2015-01-23 09:54:33,2018-01-18 18:21:33,136,2.27,20190-18360,"5,2,9,3,8",0.02,0.02,,0.02,,,0.02,0.02,1,7,1,7,6,M,19,Asian
80,20191,n,2,ip_00410,2015-01-23 09:57:34,2018-01-18 18:21:33,277,4.62,20191-34560,"5,2,9,3,8",0.61,0.17,,0.02,,,0.02,0.02,1,6,5,5,5,M,20,White
81,20195,n,2,ip_00387,2015-01-23 11:06:59,2018-01-18 18:21:33,171,2.85,20195-8856,"5,2,9,3,8",0.95,0.89,,0.70,,,0.52,0.11,3,7,1,7,4,M,20,Asian
82,20201,n,2,ip_00327,2015-01-23 11:07:37,2018-01-18 18:21:33,210,3.50,20201-42048,"5,2,9,3,8",0.73,0.64,,0.45,,,0.30,0.30,5,7,3,6,5,F,19,Asian
83,20196,w,2,ip_00386,2015-01-23 11:09:09,2018-01-18 18:21:33,209,3.48,20196-51768,"5,2,9,3,8",0.89,0.80,,0.48,,,0.02,0.02,4,7,3,6,3,F,19,Asian
84,20199,n,2,ip_00410,2015-01-23 11:11:04,2018-01-18 18:21:33,271,4.52,20199-34632,"5,2,9,3,8",0.61,0.61,,0.36,,,0.11,0.14,3,7,2,5,4,F,20,Asian
85,20205,n,2,ip_00327,2015-01-23 11:49:12,2018-01-18 18:21:33,193,3.22,20205-22536,"5,2,9,3,8",0.80,0.77,,0.77,,,0.02,0.02,4,7,2,4,5,F,19,Asian
86,20207,n,1,ip_00386,2015-01-23 11:56:42,2018-01-18 18:21:33,201,3.35,20207-38808,"5,9,2,8,3",0.98,0.23,,0.27,,,0.02,0.02,9,4,4,2,2,M,22,Asian
87,20209,n,1,ip_00410,2015-01-23 12:03:50,2018-01-18 18:21:33,245,4.08,20209-10584,"5,9,2,8,3",0.02,0.02,,0.30,,,0.02,0.02,3,7,4,3,6,F,21,Asian
88,20203,n,2,ip_00387,2015-01-23 12:06:10,2018-01-18 18:21:33,242,4.03,20203-30168,"5,2,9,3,8",0.36,0.36,,0.33,,,0.08,0.05,5,7,4,6,3,F,18,Asian
89,20214,w,1,ip_00410,2015-01-23 13:02:08,2018-01-18 18:21:33,261,4.35,20214-52920,"5,9,2,8,3",0.64,0.61,,0.61,,,0.42,0.39,4,7,2,6,4,F,20,Asian
90,20217,n,1,ip_00387,2015-01-23 13:02:21,2018-01-18 18:21:33,251,4.18,20217-32400,"5,9,2,8,3",0.95,0.89,,0.70,,,0.52,0.05,3,7,1,5,5,F,22,Asian
91,20213,n,1,ip_00386,2015-01-23 13:02:31,2018-01-18 18:21:33,232,3.87,20213-36072,"5,9,2,8,3",0.61,0.39,,0.30,,,0.27,0.02,2,7,1,6,6,F,22,Asian
92,20218,w,1,ip_00385,2015-01-23 13:07:55,2018-01-18 18:21:33,135,2.25,20218-43416,"5,9,2,8,3",0.02,0.02,,0.02,,,0.02,0.02,1,5,3,7,5,M,18,White
93,20222,w,2,ip_00410,2015-01-23 13:57:37,2018-01-18 18:21:33,216,3.60,20222-58032,"5,2,9,3,8",0.89,0.89,,0.61,,,0.11,0.08,9,7,3,3,2,F,18,White
94,20229,n,1,ip_00386,2015-01-23 13:58:04,2018-01-18 18:21:33,259,4.32,20229-36936,"5,9,2,8,3",0.89,0.61,,0.58,,,0.17,0.17,4,7,1,5,5,M,22,Asian
95,20228,w,2,ip_00385,2015-01-23 13:59:18,2018-01-18 18:21:33,193,3.22,20228-43704,"5,2,9,3,8",0.98,0.98,,0.98,,,0.98,0.98,3,7,1,7,5,F,19,Asian
96,20219,n,2,ip_00387,2015-01-23 14:07:47,2018-01-18 18:21:33,331,5.52,20219-28440,"5,2,9,3,8",0.67,0.61,,0.58,,,0.30,0.27,10,7,4,4,2,F,21,Asian
97,20238,w,2,ip_00387,2015-01-23 15:06:04,2018-01-18 18:21:33,168,2.80,20238-41904,"5,2,9,3,8",0.98,0.48,,0.98,,,0.02,0.98,1,7,1,6,5,F,20,Asian
98,20234,w,2,ip_00410,2015-01-23 15:06:33,2018-01-18 18:21:33,222,3.70,20234-49248,"5,2,9,3,8",0.30,0.23,,0.30,,,0.11,0.05,1,7,1,7,5,M,18,Asian
99,20239,n,1,ip_00385,2015-01-23 15:07:30,2018-01-18 18:21:33,227,3.78,20239-56160,"5,9,2,8,3",0.83,0.67,,0.70,,,0.61,0.23,3,5,3,2,3,F,19,Asian
100,20232,w,2,ip_00386,2015-01-23 15:09:21,2018-01-18 18:21:33,187,3.12,20232-63360,"5,2,9,3,8",0.02,0.02,,0.48,,,0.02,0.02,1,4,4,4,4,F,21,Asian
101,20244,w,1,ip_00385,2015-01-23 16:04:46,2018-01-18 18:21:33,274,4.57,20244-41328,"5,9,2,8,3",0.61,0.61,,0.48,,,0.11,0.08,4,6,3,5,5,F,19,Asian
102,20245,n,1,ip_00387,2015-01-23 16:05:18,2018-01-18 18:21:33,262,4.37,20245-51768,"5,9,2,8,3",0.89,0.70,,0.48,,,0.20,0.11,5,7,3,5,3,M,19,Asian
103,20241,n,2,ip_00410,2015-01-23 16:06:38,2018-01-18 18:21:33,268,4.47,20241-36720,"5,2,9,3,8",0.33,0.20,,0.11,,,0.08,0.02,3,7,2,6,5,M,21,Asian
104,20243,n,2,ip_00386,2015-01-23 16:06:59,2018-01-18 18:21:33,260,4.33,20243-48384,"5,2,9,3,8",0.89,0.58,,0.45,,,0.36,0.02,3,7,2,5,6,F,21,Asian
105,20249,n,2,ip_00385,2015-01-23 17:01:07,2018-01-18 18:21:33,190,3.17,20249-59328,"5,2,9,3,8",0.27,0.23,,0.27,,,0.02,0.02,5,7,4,4,5,F,22,Asian
106,20254,w,2,ip_00386,2015-01-23 17:09:01,2018-01-18 18:21:33,213,3.55,20254-35568,"5,2,9,3,8",0.45,0.23,,0.17,,,0.02,0.02,1,7,2,6,7,M,20,White
107,20349,n,1,ip_00385,2015-01-26 15:07:36,2018-01-18 18:21:33,183,3.05,20349-9432,"5,9,2,8,3",0.92,0.77,,0.64,,,0.48,0.39,6,5,3,2,1,F,22,Asian
108,20356,w,2,ip_00410,2015-01-26 15:08:16,2018-01-18 18:21:33,164,2.73,20356-64224,"5,2,9,3,8",0.48,0.61,,0.70,,,0.61,0.48,7,7,2,7,5,F,19,Asian
109,20368,w,1,ip_00386,2015-01-26 15:09:16,2018-01-18 18:21:33,247,4.12,20368-20808,"5,9,2,8,3",0.77,0.48,,0.42,,,0.48,0.42,7,7,2,5,1,F,20,Asian
110,20373,n,2,ip_00387,2015-01-26 15:09:47,2018-01-18 18:21:33,216,3.60,20373-18072,"5,2,9,3,8",0.61,0.39,,0.20,,,0.23,0.08,3,7,1,4,4,F,19,Asian
111,20418,w,2,ip_00386,2015-01-26 15:57:07,2018-01-18 18:21:33,178,2.97,20418-6192,"5,2,9,3,8",0.08,0.05,,0.05,,,0.02,0.02,1,7,1,7,7,M,19,White
112,20429,n,2,ip_00387,2015-01-26 15:58:13,2018-01-18 18:21:33,189,3.15,20429-9792,"5,2,9,3,8",0.98,0.89,,0.80,,,0.77,0.52,5,6,1,7,4,M,19,White
113,20432,w,1,ip_00410,2015-01-26 15:58:56,2018-01-18 18:21:33,172,2.87,20432-20448,"5,9,2,8,3",0.39,0.36,,0.27,,,0.23,0.23,4,7,3,7,6,F,18,Asian
114,20441,n,1,ip_00385,2015-01-26 16:02:04,2018-01-18 18:21:33,242,4.03,20441-15984,"5,9,2,8,3",0.48,0.42,,0.39,,,0.05,0.02,3,6,3,6,5,F,20,White
115,20493,n,2,ip_00410,2015-01-26 17:07:08,2018-01-18 18:21:33,221,3.68,20493-23904,"5,2,9,3,8",0.02,0.02,,0.02,,,0.02,0.02,1,7,6,7,5,M,21,Asian
116,20496,w,1,ip_00385,2015-01-26 17:07:19,2018-01-18 18:21:33,210,3.50,20496-25920,"5,9,2,8,3",0.95,0.86,,0.67,,,0.33,0.11,3,7,2,7,1,M,20,Asian
117,20507,n,1,ip_00386,2015-01-26 17:08:22,2018-01-18 18:21:33,259,4.32,20507-21096,"5,9,2,8,3",0.23,0.11,,0.11,,,0.02,0.02,5,4,4,6,6,M,19,Asian
118,20514,w,2,ip_00387,2015-01-26 17:09:56,2018-01-18 18:21:33,179,2.98,20514-60696,"5,2,9,3,8",0.77,0.48,,0.23,,,0.05,0.02,2,7,1,6,4,F,20,Asian
119,20561,n,2,ip_00386,2015-01-26 18:04:06,2018-01-18 18:21:33,179,2.98,20561-58104,"5,2,9,3,8",0.77,0.83,,0.11,,,0.02,0.02,3,4,3,2,3,F,19,Asian
120,20567,n,1,ip_00385,2015-01-26 18:05:31,2018-01-18 18:21:33,166,2.77,20567-28224,"5,9,2,8,3",0.02,0.02,,0.02,,,0.98,0.98,10,1,7,6,4,F,21,Asian
121,20576,w,2,ip_00387,2015-01-26 18:06:42,2018-01-18 18:21:33,150,2.50,20576-9144,"5,2,9,3,8",0.89,0.70,,0.70,,,0.08,0.08,3,6,2,6,5,M,22,Asian
122,20583,n,1,ip_00410,2015-01-26 18:09:46,2018-01-18 18:21:33,233,3.88,20583-5256,"5,9,2,8,3",0.98,0.98,,0.98,,,0.98,0.98,5,5,7,2,5,F,24,Asian
123,20627,n,1,ip_00386,2015-01-27 14:02:09,2018-01-18 18:21:33,139,2.32,20627-17136,"5,9,2,8,3",0.89,0.70,,0.77,,,0.20,0.11,5,7,1,6,4,M,18,Asian
124,20638,w,2,ip_00385,2015-01-27 14:03:26,2018-01-18 18:21:33,251,4.18,20638-7776,"5,2,9,3,8",0.83,0.77,,0.58,,,0.14,0.02,3,7,1,6,5,M,22,White
125,20645,n,2,ip_00410,2015-01-27 14:04:44,2018-01-18 18:21:33,209,3.48,20645-34488,"5,2,9,3,8",0.52,0.27,,0.20,,,0.05,0.02,1,7,3,5,6,M,19,Asian
126,20652,w,2,ip_00387,2015-01-27 14:06:01,2018-01-18 18:21:33,215,3.58,20652-17784,"5,2,9,3,8",0.77,0.86,,0.83,,,0.23,0.39,4,7,3,4,5,F,20,Asian
127,20685,n,1,ip_00385,2015-01-27 15:10:35,2018-01-18 18:21:33,215,3.58,20685-12024,"5,9,2,8,3",0.23,0.52,,0.20,,,0.02,0.05,10,7,7,7,1,F,19,Asian
128,20694,w,2,ip_00410,2015-01-27 15:18:11,2018-01-18 18:21:33,420,7.00,20694-48240,"5,2,9,3,8",0.39,0.23,,0.02,,,0.02,0.02,1,7,4,6,6,F,20,Hispanic or Latin American
129,20735,n,2,ip_00386,2015-01-27 16:03:33,2018-01-18 18:21:33,262,4.37,20735-49680,"5,2,9,3,8",0.89,0.80,,0.02,,,0.02,0.02,3,7,1,5,6,F,20,Asian
130,20738,w,1,ip_00385,2015-01-27 16:03:55,2018-01-18 18:21:33,199,3.32,20738-4608,"5,9,2,8,3",0.64,0.73,,0.73,,,0.23,0.23,3,7,3,5,5,F,19,Asian
131,20759,n,1,ip_00387,2015-01-27 16:08:25,2018-01-18 18:21:33,183,3.05,20759-24696,"5,9,2,8,3",0.83,0.73,,0.45,,,0.20,0.08,1,7,1,6,4,F,19,Asian
132,20762,w,1,ip_00410,2015-01-27 16:08:37,2018-01-18 18:21:33,199,3.32,20762-62712,"5,9,2,8,3",0.89,0.70,,0.48,,,0.20,0.27,2,7,3,2,4,M,20,Asian
133,20799,n,1,ip_00386,2015-01-27 17:06:31,2018-01-18 18:21:33,224,3.73,20799-38232,"5,9,2,8,3",0.89,0.39,,0.39,,,0.02,0.02,3,7,1,6,6,M,21,Asian
134,20810,w,1,ip_00387,2015-01-27 17:09:13,2018-01-18 18:21:33,301,5.02,20810-53352,"5,9,2,8,3",0.98,0.89,,0.98,,,0.77,0.98,3,7,4,5,3,F,21,Asian
135,20817,n,2,ip_00385,2015-01-27 17:10:22,2018-01-18 18:21:33,240,4.00,20817-38520,"5,2,9,3,8",0.36,0.27,,0.02,,,0.02,0.02,3,6,2,6,5,F,24,Other
136,20866,w,2,ip_00410,2015-01-27 18:06:44,2018-01-18 18:21:33,187,3.12,20866-59472,"5,2,9,3,8",0.39,0.23,,0.08,,,0.05,0.05,2,7,1,7,6,F,21,White
137,20871,n,1,ip_00386,2015-01-27 18:07:03,2018-01-18 18:21:33,242,4.03,20871-5184,"5,9,2,8,3",0.92,0.92,,0.67,,,0.39,0.27,4,7,3,6,6,F,23,White
138,20880,w,1,ip_00387,2015-01-27 18:08:38,2018-01-18 18:21:33,213,3.55,20880-54720,"5,9,2,8,3",0.80,0.42,,0.17,,,0.05,0.02,2,7,2,6,4,M,20,White
139,20887,n,1,ip_00385,2015-01-27 18:09:32,2018-01-18 18:21:33,188,3.13,20887-23616,"5,9,2,8,3",0.42,0.23,,0.42,,,0.08,0.05,1,7,1,7,7,M,23,White
140,20932,w,2,ip_00387,2015-01-28 09:10:30,2018-01-18 18:21:33,155,2.58,20932-5400,"5,2,9,3,8",0.45,0.17,,0.14,,,0.05,0.02,1,5,3,7,7,F,20,White
141,20941,n,1,ip_00386,2015-01-28 09:11:26,2018-01-18 18:21:33,203,3.38,20941-6768,"5,9,2,8,3",0.73,0.70,,0.58,,,0.33,0.27,4,5,4,5,4,M,20,Asian
142,20942,w,1,ip_00410,2015-01-28 09:11:31,2018-01-18 18:21:33,183,3.05,20942-24480,"5,9,2,8,3",0.52,0.42,,0.48,,,0.30,0.27,2,7,2,5,6,F,19,Asian
143,20976,w,1,ip_00385,2015-01-28 10:04:12,2018-01-18 18:21:33,156,2.60,20976-36288,"5,9,2,8,3",0.70,0.42,,0.48,,,0.23,0.11,3,7,1,5,2,F,20,Asian
144,20985,n,2,ip_00410,2015-01-28 10:06:42,2018-01-18 18:21:33,128,2.13,20985-56520,"5,2,9,3,8",0.98,0.95,,0.98,,,0.89,0.98,3,6,4,6,5,M,21,Asian
145,21034,w,2,ip_00386,2015-01-28 11:08:38,2018-01-18 18:21:33,171,2.85,21034-44496,"5,2,9,3,8",0.02,0.02,,0.02,,,0.02,0.02,1,6,4,6,7,M,22,White
146,21039,n,1,ip_00387,2015-01-28 11:08:51,2018-01-18 18:21:33,167,2.78,21039-15264,"5,9,2,8,3",0.39,0.23,,0.11,,,0.02,0.02,1,7,1,6,6,M,22,Asian
147,21050,w,1,ip_00385,2015-01-28 11:10:19,2018-01-18 18:21:33,237,3.95,21050-44496,"5,9,2,8,3",0.98,0.98,,0.61,,,0.14,0.05,3,7,1,6,6,F,19,Asian
148,21053,n,2,ip_00410,2015-01-28 11:10:34,2018-01-18 18:21:33,183,3.05,21053-41976,"5,2,9,3,8",0.77,0.55,,0.42,,,0.23,0.11,3,6,2,6,2,F,19,Asian
149,21100,w,1,ip_00385,2015-01-28 12:06:22,2018-01-18 18:21:33,233,3.88,21100-56880,"5,9,2,8,3",0.67,0.61,,0.55,,,0.11,0.11,3,7,1,6,5,F,22,Hispanic or Latin American
150,21103,n,1,ip_00386,2015-01-28 12:06:58,2018-01-18 18:21:33,161,2.68,21103-45720,"5,9,2,8,3",0.39,0.23,,0.05,,,0.05,0.02,3,7,2,5,3,F,20,Asian
151,21118,w,1,ip_00387,2015-01-28 12:09:29,2018-01-18 18:21:33,174,2.90,21118-7416,"5,9,2,8,3",0.61,0.61,,0.52,,,0.11,0.11,3,6,1,6,5,M,19,Asian
152,21121,n,2,ip_00410,2015-01-28 12:09:45,2018-01-18 18:21:33,304,5.07,21121-4104,"5,2,9,3,8",0.86,0.45,,0.48,,,0.27,0.05,5,7,1,6,3,F,19,Asian
153,21160,w,1,ip_00387,2015-01-28 13:06:45,2018-01-18 18:21:33,161,2.68,21160-32832,"5,9,2,8,3",0.95,0.48,,0.30,,,0.48,0.05,2,7,3,5,6,F,21,Asian
154,21163,n,2,ip_00385,2015-01-28 13:07:03,2018-01-18 18:21:33,154,2.57,21163-25920,"5,2,9,3,8",0.17,0.08,,0.20,,,0.05,0.02,1,7,4,7,2,F,19,Asian
155,21212,w,1,ip_00386,2015-01-28 14:08:10,2018-01-18 18:21:33,187,3.12,21212-32328,"5,9,2,8,3",0.98,0.61,,0.42,,,0.17,0.20,3,4,4,1,6,F,22,White
156,21215,n,2,ip_00385,2015-01-28 14:08:22,2018-01-18 18:21:33,208,3.47,21215-21600,"5,2,9,3,8",0.45,0.48,,0.42,,,0.55,0.36,6,4,5,5,4,F,19,Asian
157,21228,w,2,ip_00410,2015-01-28 14:09:37,2018-01-18 18:21:33,201,3.35,21228-54720,"5,2,9,3,8",0.20,0.23,,0.11,,,0.02,0.02,3,7,1,5,5,F,23,White
158,21231,n,1,ip_00387,2015-01-28 14:09:47,2018-01-18 18:21:33,161,2.68,21231-42480,"5,9,2,8,3",0.95,0.05,,0.05,,,0.14,0.02,3,7,3,6,5,M,20,Asian
159,21274,w,1,ip_00387,2015-01-28 15:03:07,2018-01-18 18:21:33,159,2.65,21274-63936,"5,9,2,8,3",0.48,0.27,,0.42,,,0.08,0.08,2,7,3,6,5,M,20,Asian
160,21285,n,2,ip_00410,2015-01-28 15:04:46,2018-01-18 18:21:33,210,3.50,21285-19296,"5,2,9,3,8",0.86,0.73,,0.73,,,0.61,0.17,5,7,2,4,2,F,20,Asian
161,21296,w,2,ip_00386,2015-01-28 15:05:52,2018-01-18 18:21:33,273,4.55,21296-26136,"5,2,9,3,8",0.58,0.14,,0.42,,,0.05,0.02,9,7,1,3,1,F,19,Asian
162,21299,n,1,ip_00385,2015-01-28 15:06:15,2018-01-18 18:21:33,191,3.18,21299-40392,"5,9,2,8,3",0.77,0.55,,0.89,,,0.39,0.39,3,7,1,6,5,F,20,Asian
163,21344,w,2,ip_00386,2015-01-28 16:05:11,2018-01-18 18:21:33,225,3.75,21344-15048,"5,2,9,3,8",0.95,0.61,,0.36,,,0.14,0.05,2,7,1,5,5,F,20,White
164,21357,n,2,ip_00387,2015-01-28 16:06:35,2018-01-18 18:21:33,185,3.08,21357-40896,"5,2,9,3,8",0.70,0.58,,0.45,,,0.27,0.05,4,5,1,5,4,F,20,Other
165,21362,w,1,ip_00410,2015-01-28 16:06:45,2018-01-18 18:21:33,185,3.08,21362-56448,"5,9,2,8,3",0.48,0.11,,0.14,,,0.08,0.02,1,7,1,7,6,M,21,Asian
166,21367,n,1,ip_00385,2015-01-28 16:07:09,2018-01-18 18:21:33,195,3.25,21367-64008,"5,9,2,8,3",0.48,0.23,,0.20,,,0.11,0.02,3,7,1,6,4,F,22,Asian
167,21416,w,2,ip_00387,2015-01-28 17:09:31,2018-01-18 18:21:33,158,2.63,21416-8280,"5,2,9,3,8",0.89,0.39,,0.39,,,0.08,0.02,1,4,4,7,1,F,19,Asian
168,21417,n,2,ip_00385,2015-01-28 17:09:32,2018-01-18 18:21:33,,,,"5,2,9,3,8",0.98,0.95,,0.61,,,0.11,0.02,10,7,3,6,2,,,
169,21432,w,1,ip_00386,2015-01-28 17:10:39,2018-01-18 18:21:33,243,4.05,21432-62208,"5,9,2,8,3",0.89,0.77,,0.39,,,0.05,0.02,4,6,2,5,5,M,19,Asian
170,21433,n,2,ip_00410,2015-01-28 17:10:45,2018-01-18 18:21:33,292,4.87,21433-59544,"5,2,9,3,8",0.17,0.20,,0.20,,,0.02,0.02,7,7,3,6,4,F,22,Asian
171,21484,w,2,ip_00385,2015-01-29 13:06:30,2018-01-18 18:21:33,190,3.17,21484-28008,"5,2,9,3,8",0.48,0.98,,0.77,,,0.23,0.11,4,6,4,4,3,F,21,Asian
172,21499,n,1,ip_00410,2015-01-29 13:08:21,2018-01-18 18:21:33,236,3.93,21499-40896,"5,9,2,8,3",0.61,0.36,,0.42,,,0.30,0.08,5,5,5,6,4,F,19,White
173,21502,w,2,ip_00386,2015-01-29 13:08:35,2018-01-18 18:21:33,226,3.77,21502-32760,"5,2,9,3,8",0.20,0.23,,0.11,,,0.11,0.02,3,6,3,4,5,F,22,Asian
174,21509,n,1,ip_00387,2015-01-29 13:09:29,2018-01-18 18:21:33,160,2.67,21509-54936,"5,9,2,8,3",0.98,0.95,,0.39,,,0.98,0.02,3,7,2,5,4,M,21,Asian
175,21558,w,2,ip_00385,2015-01-29 14:06:29,2018-01-18 18:21:33,209,3.48,21558-8424,"5,2,9,3,8",0.39,0.39,,0.39,,,0.02,0.02,3,7,3,5,6,M,22,Other
176,21573,n,2,ip_00386,2015-01-29 14:08:19,2018-01-18 18:21:33,227,3.78,21573-14688,"5,2,9,3,8",0.14,0.11,,0.11,,,0.02,0.02,2,7,2,6,5,F,20,Asian
177,21576,w,1,ip_00410,2015-01-29 14:08:50,2018-01-18 18:21:33,283,4.72,21576-49896,"5,9,2,8,3",0.33,0.23,,0.17,,,0.08,0.11,5,6,2,6,3,F,18,White
178,21583,n,1,ip_00387,2015-01-29 14:10:18,2018-01-18 18:21:33,457,7.62,21583-13608,"5,9,2,8,3",0.61,0.61,,0.55,,,0.20,0.52,6,5,4,7,3,M,20,Asian
179,21629,n,1,ip_00386,2015-01-29 15:04:17,2018-01-18 18:21:33,169,2.82,21629-11520,"5,9,2,8,3",0.95,0.95,,0.48,,,0.11,0.05,5,6,3,6,6,M,22,Asian
180,21640,w,1,ip_00387,2015-01-29 15:05:50,2018-01-18 18:21:33,170,2.83,21640-47232,"5,9,2,8,3",0.73,0.70,,0.61,,,0.11,0.02,3,7,2,7,4,M,20,Other
181,21645,n,1,ip_00385,2015-01-29 15:06:40,2018-01-18 18:21:33,260,4.33,21645-34344,"5,9,2,8,3",0.42,0.39,,0.30,,,0.27,0.02,6,7,1,5,5,F,23,White
182,21652,w,2,ip_00410,2015-01-29 15:07:31,2018-01-18 18:21:33,167,2.78,21652-39384,"5,2,9,3,8",0.98,0.55,,0.98,,,0.48,0.08,8,7,4,5,3,F,19,Asian
183,21722,w,2,ip_00385,2015-01-29 16:05:12,2018-01-18 18:21:33,209,3.48,21722-36648,"5,2,9,3,8",0.80,0.70,,0.39,,,0.14,0.11,4,7,1,3,3,F,21,Asian
184,21725,n,1,ip_00386,2015-01-29 16:05:36,2018-01-18 18:21:33,215,3.58,21725-27432,"5,9,2,8,3",0.67,0.70,,0.45,,,0.08,0.02,1,7,2,6,7,F,19,White
185,21728,w,1,ip_00410,2015-01-29 16:05:42,2018-01-18 18:21:33,182,3.03,21728-36576,"5,9,2,8,3",0.77,0.70,,0.02,,,0.02,0.02,7,6,3,1,3,F,19,Asian
186,21729,n,1,ip_00387,2015-01-29 16:05:42,2018-01-18 18:21:33,256,4.27,21729-30240,"5,9,2,8,3",0.17,0.20,,0.23,,,0.02,0.02,3,7,1,7,7,M,19,Asian
187,21768,w,2,ip_00385,2015-01-29 17:03:36,2018-01-18 18:21:33,270,4.50,21768-16128,"5,2,9,3,8",0.39,0.48,,0.23,,,0.02,0.02,3,7,2,6,5,F,19,Asian
188,21781,n,1,ip_00386,2015-01-29 17:05:42,2018-01-18 18:21:33,185,3.08,21781-23328,"5,9,2,8,3",0.39,0.23,,0.20,,,0.02,0.02,1,7,2,7,6,M,19,White
189,21784,w,2,ip_00410,2015-01-29 17:06:11,2018-01-18 18:21:33,211,3.52,21784-39528,"5,2,9,3,8",0.45,0.36,,0.36,,,0.11,0.05,4,7,4,5,5,M,20,White
190,21802,w,1,ip_00387,2015-01-29 17:40:37,2018-01-18 18:21:33,257,4.28,21802-8712,"5,9,2,8,3",0.61,0.61,,0.61,,,0.61,0.61,3,7,1,6,5,F,19,Asian
191,21862,w,1,ip_00386,2015-01-30 13:08:41,2018-01-18 18:21:33,148,2.47,21862-6912,"5,9,2,8,3",0.02,0.02,,0.02,,,0.02,0.02,3,6,5,6,5,F,22,Asian
192,21863,n,2,ip_00385,2015-01-30 13:08:45,2018-01-18 18:21:33,202,3.37,21863-45576,"5,2,9,3,8",0.39,0.23,,0.30,,,0.11,0.08,1,7,2,7,5,M,23,Asian
193,21868,w,1,ip_00410,2015-01-30 13:09:40,2018-01-18 18:21:33,323,5.38,21868-28728,"5,9,2,8,3",0.61,0.48,,0.52,,,0.48,0.48,5,6,4,2,3,F,20,Other
194,21877,n,2,ip_00387,2015-01-30 13:12:42,2018-01-18 18:21:33,442,7.37,21877-46512,"5,2,9,3,8",0.23,0.02,,0.92,,,0.98,0.27,8,1,7,4,5,F,21,Asian
195,21914,w,2,ip_00410,2015-01-30 14:03:16,2018-01-18 18:21:33,150,2.50,21914-27432,"5,2,9,3,8",0.58,0.77,,0.64,,,0.33,0.39,3,7,3,7,4,F,23,Asian
196,21917,n,2,ip_00387,2015-01-30 14:03:23,2018-01-18 18:21:33,190,3.17,21917-58608,"5,2,9,3,8",0.86,0.48,,0.48,,,0.14,0.05,8,7,1,5,4,M,20,Asian
197,21930,w,2,ip_00385,2015-01-30 14:05:40,2018-01-18 18:21:33,182,3.03,21930-32760,"5,2,9,3,8",0.11,0.05,,0.05,,,0.02,0.02,2,7,4,6,4,F,19,White
198,21939,n,2,ip_00386,2015-01-30 14:09:52,2018-01-18 18:21:33,204,3.40,21939-55872,"5,2,9,3,8",0.52,0.39,,0.52,,,0.02,0.02,3,7,1,5,2,F,20,Asian
199,21972,w,2,ip_00386,2015-01-30 15:00:04,2018-01-18 18:21:33,205,3.42,21972-41904,"5,2,9,3,8",0.02,0.02,,0.02,,,0.02,0.02,2,7,2,7,5,F,20,Asian
200,21983,n,1,ip_00387,2015-01-30 15:03:06,2018-01-18 18:21:33,303,5.05,21983-4824,"5,9,2,8,3",0.39,0.23,,0.23,,,0.98,0.98,7,4,6,4,5,F,23,Asian
201,21998,w,2,ip_00410,2015-01-30 15:05:58,2018-01-18 18:21:33,264,4.40,21998-50040,"5,2,9,3,8",0.89,0.48,,0.58,,,0.02,0.11,3,7,4,7,4,F,18,Other
202,22007,n,1,ip_00385,2015-01-30 15:09:33,2018-01-18 18:21:33,208,3.47,22007-34200,"5,9,2,8,3",0.70,0.73,,0.77,,,0.30,0.30,4,7,1,4,2,F,20,Asian
203,22052,w,1,ip_00386,2015-01-30 16:11:00,2018-01-18 18:21:33,239,3.98,22052-18432,"5,9,2,8,3",0.61,0.23,,0.23,,,0.11,0.05,1,7,1,7,2,F,19,Asian
204,22063,n,1,ip_00410,2015-01-30 16:12:39,2018-01-18 18:21:33,264,4.40,22063-56016,"5,9,2,8,3",0.61,0.61,,0.67,,,0.14,0.11,3,7,2,7,7,F,19,White
205,22066,w,1,ip_00385,2015-01-30 16:13:18,2018-01-18 18:21:33,237,3.95,22066-17784,"5,9,2,8,3",0.48,0.23,,0.08,,,0.02,0.02,1,7,3,6,6,M,21,Asian
206,22075,n,1,ip_00387,2015-01-30 16:18:26,2018-01-18 18:21:33,271,4.52,22075-12960,"5,9,2,8,3",0.86,0.42,,0.48,,,0.42,0.39,2,7,2,5,3,M,20,Asian
207,22109,n,1,ip_00386,2015-01-30 17:02:55,2018-01-18 18:21:33,238,3.97,22109-18288,"5,9,2,8,3",0.42,0.42,,0.36,,,0.11,0.08,4,7,2,5,4,M,18,Asian
208,22134,w,2,ip_00410,2015-01-30 17:07:36,2018-01-18 18:21:33,109,1.82,22134-30312,"5,2,9,3,8",0.02,0.02,,0.02,,,0.02,0.02,1,7,1,7,7,M,20,Asian
209,22139,n,2,ip_00387,2015-01-30 17:08:07,2018-01-18 18:21:33,257,4.28,22139-55440,"5,2,9,3,8",0.23,0.02,,0.02,,,0.02,0.02,2,5,4,5,6,F,20,White
210,22146,w,2,ip_00385,2015-01-30 17:09:08,2018-01-18 18:21:33,248,4.13,22146-43200,"5,2,9,3,8",0.48,0.48,,0.67,,,0.30,0.27,2,7,1,6,3,F,20,Asian
211,22188,w,2,ip_00387,2015-01-30 18:00:18,2018-01-18 18:21:33,239,3.98,22188-56952,"5,2,9,3,8",0.80,0.67,,0.48,,,0.14,0.08,2,7,2,3,4,M,19,Asian
212,22191,n,2,ip_00410,2015-01-30 18:01:08,2018-01-18 18:21:33,248,4.13,22191-4608,"5,2,9,3,8",0.58,0.61,,0.20,,,0.30,0.27,3,7,3,6,6,F,21,Asian
213,22207,n,1,ip_00385,2015-01-30 18:07:19,2018-01-18 18:21:33,198,3.30,22207-48384,"5,9,2,8,3",0.23,0.11,,0.20,,,0.11,0.05,1,7,1,5,6,M,19,Asian
214,22262,w,1,ip_00386,2015-02-02 15:07:58,2018-01-18 18:21:33,174,2.90,22262-27288,"5,9,2,8,3",0.73,0.55,,0.20,,,0.20,0.02,1,6,3,6,6,F,20,Asian
215,22264,w,2,ip_00410,2015-02-02 15:08:01,2018-01-18 18:21:33,227,3.78,22264-48528,"5,2,9,3,8",0.67,0.61,,0.61,,,0.17,0.23,5,7,3,5,3,M,23,Asian
216,22278,w,2,ip_00387,2015-02-02 15:10:02,2018-01-18 18:21:33,224,3.73,22278-11952,"5,2,9,3,8",0.73,0.61,,0.64,,,0.11,0.14,4,7,1,5,5,F,20,Asian
217,22279,n,2,ip_00385,2015-02-02 15:10:02,2018-01-18 18:21:33,190,3.17,22279-28440,"5,2,9,3,8",0.20,0.20,,0.08,,,0.02,0.02,2,7,1,7,7,F,18,Other
218,22316,w,2,ip_00410,2015-02-02 16:07:50,2018-01-18 18:21:33,157,2.62,22316-34128,"5,2,9,3,8",0.05,0.02,,0.27,,,0.02,0.02,1,7,1,7,6,M,23,Other
219,22330,w,2,ip_00386,2015-02-02 16:09:59,2018-01-18 18:21:33,248,4.13,22330-30960,"5,2,9,3,8",0.70,0.67,,0.77,,,0.05,0.05,6,7,2,4,3,F,19,
220,22337,n,2,ip_00385,2015-02-02 16:10:51,2018-01-18 18:21:33,148,2.47,22337-24408,"5,2,9,3,8",0.23,0.11,,0.02,,,0.02,0.02,1,7,2,7,6,M,19,White
221,22346,w,1,ip_00387,2015-02-02 16:15:23,2018-01-18 18:21:33,194,3.23,22346-41904,"5,9,2,8,3",0.89,0.80,,0.61,,,0.30,0.11,3,7,1,6,6,F,19,Asian
222,22387,n,1,ip_00410,2015-02-02 17:06:07,2018-01-18 18:21:33,217,3.62,22387-31824,"5,9,2,8,3",0.89,0.48,,0.42,,,0.23,0.30,3,6,3,5,5,M,20,Asian
223,22398,w,1,ip_00385,2015-02-02 17:07:18,2018-01-18 18:21:33,147,2.45,22398-37872,"5,9,2,8,3",0.80,0.77,,0.48,,,0.20,0.08,3,5,1,6,5,F,19,Asian
224,22405,n,2,ip_00387,2015-02-02 17:07:54,2018-01-18 18:21:33,149,2.48,22405-45072,"5,2,9,3,8",0.70,0.48,,0.30,,,0.11,0.05,3,7,4,5,6,F,20,Asian
225,22414,w,1,ip_00386,2015-02-02 17:13:13,2018-01-18 18:21:33,373,6.22,22414-52344,"5,9,2,8,3",0.23,0.17,,0.02,,,0.11,0.05,4,7,1,6,3,F,20,Asian
226,22447,n,1,ip_00387,2015-02-02 17:53:25,2018-01-18 18:21:33,156,2.60,22447-27504,"5,9,2,8,3",0.23,0.23,,0.11,,,0.05,0.02,3,7,4,6,2,F,22,Asian
227,22456,w,2,ip_00385,2015-02-02 17:57:29,2018-01-18 18:21:33,343,5.72,22456-50832,"5,2,9,3,8",0.86,0.80,,0.61,,,0.36,0.33,5,7,1,4,3,F,21,Asian
228,22475,n,2,ip_00410,2015-02-02 18:05:25,2018-01-18 18:21:33,224,3.73,22475-29592,"5,2,9,3,8",0.61,0.70,,0.36,,,0.20,0.11,4,7,4,5,5,M,20,Asian
229,22482,w,2,ip_00386,2015-02-02 18:09:14,2018-01-18 18:21:33,357,5.95,22482-24408,"5,2,9,3,8",0.42,0.42,,0.45,,,0.05,0.02,1,5,4,6,5,M,18,Asian
230,22533,n,1,ip_00385,2015-02-03 14:09:00,2018-01-18 18:21:33,325,5.42,22533-35352,"5,9,2,8,3",0.61,0.61,,0.11,,,0.11,0.05,3,6,2,7,6,F,20,White
231,22538,w,1,ip_00386,2015-02-03 14:09:12,2018-01-18 18:21:33,233,3.88,22538-12312,"5,9,2,8,3",0.55,0.55,,0.55,,,0.23,0.23,3,7,2,5,6,F,23,White
232,22543,n,2,ip_00387,2015-02-03 14:09:56,2018-01-18 18:21:33,197,3.28,22543-29160,"5,2,9,3,8",0.02,0.05,,0.80,,,0.61,0.89,4,5,5,4,3,F,21,Asian
233,22550,w,1,ip_00410,2015-02-03 14:11:23,2018-01-18 18:21:33,210,3.50,22550-5688,"5,9,2,8,3",0.92,0.48,,0.45,,,0.11,0.02,6,7,1,4,5,F,19,Asian
234,22594,w,1,ip_00387,2015-02-03 15:07:36,2018-01-18 18:21:33,228,3.80,22594-11736,"5,9,2,8,3",0.89,0.83,,0.61,,,0.30,0.17,4,7,2,6,5,M,20,White
235,22601,n,2,ip_00410,2015-02-03 15:08:28,2018-01-18 18:21:33,237,3.95,22601-16056,"5,2,9,3,8",0.89,0.70,,0.70,,,0.11,0.11,5,7,2,3,1,F,19,Hispanic or Latin American
236,22608,w,2,ip_00386,2015-02-03 15:09:40,2018-01-18 18:21:33,331,5.52,22608-34632,"5,2,9,3,8",0.73,0.48,,0.39,,,0.02,0.02,4,7,3,3,3,F,27,White
237,22649,n,1,ip_00386,2015-02-03 16:09:39,2018-01-18 18:21:33,214,3.57,22649-63000,"5,9,2,8,3",0.70,0.58,,0.61,,,0.39,0.39,5,7,3,5,5,F,20,Asian
238,22664,w,1,ip_00387,2015-02-03 16:10:43,2018-01-18 18:21:33,233,3.88,22664-22752,"5,9,2,8,3",0.48,0.48,,0.48,,,0.20,0.20,2,7,1,4,5,F,19,White
239,22667,n,2,ip_00385,2015-02-03 16:10:58,2018-01-18 18:21:33,288,4.80,22667-10440,"5,2,9,3,8",0.39,0.36,,0.39,,,0.27,0.27,2,7,1,7,7,F,19,Asian
240,22676,w,2,ip_00410,2015-02-03 16:13:44,2018-01-18 18:21:33,138,2.30,22676-13752,"5,2,9,3,8",0.98,0.98,,0.98,,,0.98,0.98,10,7,4,1,1,F,21,Asian
241,22719,n,1,ip_00385,2015-02-03 17:09:58,2018-01-18 18:21:33,236,3.93,22719-62856,"5,9,2,8,3",0.42,0.20,,0.02,,,0.02,0.02,2,7,3,6,7,M,19,White
242,22724,w,2,ip_00387,2015-02-03 17:10:41,2018-01-18 18:21:33,226,3.77,22724-62712,"5,2,9,3,8",0.30,0.52,,0.23,,,0.23,0.67,4,5,5,4,3,F,22,Asian
243,22731,n,1,ip_00386,2015-02-03 17:12:41,2018-01-18 18:21:33,213,3.55,22731-20592,"5,9,2,8,3",0.70,0.67,,0.23,,,0.05,0.05,2,7,2,5,5,F,20,Asian
244,22774,w,1,ip_00385,2015-02-03 18:06:46,2018-01-18 18:21:33,247,4.12,22774-34632,"5,9,2,8,3",0.14,0.11,,0.02,,,0.02,0.02,2,7,5,6,6,F,18,White
245,22791,n,1,ip_00410,2015-02-03 18:08:45,2018-01-18 18:21:33,212,3.53,22791-52560,"5,9,2,8,3",0.80,0.73,,0.52,,,0.30,0.30,3,7,3,6,6,F,19,Asian
246,22796,w,1,ip_00387,2015-02-03 18:08:50,2018-01-18 18:21:33,273,4.55,22796-47736,"5,9,2,8,3",0.61,0.61,,0.39,,,0.11,0.11,1,7,2,7,6,M,20,Hispanic or Latin American
247,22799,n,1,ip_00386,2015-02-03 18:09:54,2018-01-18 18:21:33,249,4.15,22799-42912,"5,9,2,8,3",0.70,0.70,,0.67,,,0.77,0.27,3,7,2,5,2,F,21,Asian
248,22838,w,1,ip_00386,2015-02-04 09:07:43,2018-01-18 18:21:33,214,3.57,22838-17928,"5,9,2,8,3",0.48,0.23,,0.08,,,0.02,0.02,2,6,1,6,6,F,22,White
249,22845,n,1,ip_00385,2015-02-04 09:09:56,2018-01-18 18:21:33,250,4.17,22845-9648,"5,9,2,8,3",0.48,0.48,,0.33,,,0.02,0.02,1,7,2,6,5,M,20,White
250,22884,w,1,ip_00386,2015-02-04 10:07:05,2018-01-18 18:21:33,161,2.68,22884-24552,"5,9,2,8,3",0.98,0.39,,0.05,,,0.05,0.02,2,6,3,6,5,M,21,White
251,22897,n,1,ip_00387,2015-02-04 10:08:46,2018-01-18 18:21:33,242,4.03,22897-39672,"5,9,2,8,3",0.02,0.02,,0.02,,,0.98,0.98,7,2,6,5,5,F,21,Asian
252,22900,w,2,ip_00385,2015-02-04 10:09:01,2018-01-18 18:21:33,205,3.42,22900-35568,"5,2,9,3,8",0.80,0.67,,0.73,,,0.14,0.20,6,7,3,5,2,F,20,Asian
253,22937,n,1,ip_00387,2015-02-04 11:06:58,2018-01-18 18:21:33,181,3.02,22937-11664,"5,9,2,8,3",0.20,0.23,,0.23,,,0.11,0.05,3,7,4,5,5,F,19,White
254,22948,w,2,ip_00386,2015-02-04 11:08:59,2018-01-18 18:21:33,201,3.35,22948-7200,"5,2,9,3,8",0.64,0.70,,0.61,,,0.39,0.39,7,7,1,3,2,F,21,Asian
255,22955,n,1,ip_00385,2015-02-04 11:10:18,2018-01-18 18:21:33,268,4.47,22955-30240,"5,9,2,8,3",0.23,0.23,,0.11,,,0.05,0.02,1,7,1,7,5,M,22,Asian
256,23007,n,2,ip_00410,2015-02-04 12:07:16,2018-01-18 18:21:33,274,4.57,23007-45936,"5,2,9,3,8",0.70,0.61,,0.39,,,0.11,0.11,6,7,2,5,2,F,22,Asian
257,23018,w,1,ip_00386,2015-02-04 12:08:24,2018-01-18 18:21:33,322,5.37,23018-25344,"5,9,2,8,3",0.61,0.52,,0.48,,,0.36,0.30,3,3,6,5,5,F,20,Asian
258,23023,n,2,ip_00385,2015-02-04 12:08:46,2018-01-18 18:21:33,253,4.22,23023-8496,"5,2,9,3,8",0.86,0.73,,0.11,,,0.11,0.05,8,7,4,6,2,M,20,Asian
259,23026,w,2,ip_00387,2015-02-04 12:10:01,2018-01-18 18:21:33,,,,"5,2,9,3,8",0.02,0.48,,0.45,,,0.98,0.98,,,,,,,,
260,23028,w,1,ip_00387,2015-02-04 12:16:10,2018-01-18 18:21:33,191,3.18,23028-42192,"5,9,2,8,3",0.42,0.42,,0.30,,,0.39,0.11,3,7,1,7,5,F,21,Asian
261,23074,w,1,ip_00386,2015-02-04 13:06:47,2018-01-18 18:21:33,175,2.92,23074-8928,"5,9,2,8,3",0.83,0.70,,0.70,,,0.33,0.27,4,6,3,5,5,F,20,Asian
262,23082,w,1,ip_00410,2015-02-04 13:07:40,2018-01-18 18:21:33,227,3.78,23082-9000,"5,9,2,8,3",0.92,0.83,,0.80,,,0.70,0.45,3,7,1,6,5,M,26,Asian
263,23087,n,1,ip_00387,2015-02-04 13:08:39,2018-01-18 18:21:33,402,6.70,23087-56592,"5,9,2,8,3",0.52,0.39,,0.39,,,0.33,0.11,3,7,3,6,6,F,19,Asian
264,23096,w,2,ip_00385,2015-02-04 13:11:10,2018-01-18 18:21:33,294,4.90,23096-4968,"5,2,9,3,8",0.70,0.61,,0.61,,,0.39,0.20,4,7,3,5,4,F,20,Hispanic or Latin American
265,23144,w,1,ip_00387,2015-02-04 14:07:23,2018-01-18 18:21:33,264,4.40,23144-26064,"5,9,2,8,3",0.11,0.08,,0.08,,,0.02,0.02,1,7,1,7,5,M,23,Asian
266,23145,n,2,ip_00410,2015-02-04 14:07:23,2018-01-18 18:21:33,297,4.95,23145-55656,"5,2,9,3,8",0.92,0.92,,0.48,,,0.20,0.02,5,6,3,6,5,M,21,White
267,23152,w,2,ip_00385,2015-02-04 14:08:32,2018-01-18 18:21:33,257,4.28,23152-38952,"5,2,9,3,8",0.83,0.73,,0.77,,,0.36,0.30,6,7,2,5,5,F,19,White
268,23199,n,2,ip_00386,2015-02-04 15:08:44,2018-01-18 18:21:33,195,3.25,23199-27504,"5,2,9,3,8",0.73,0.64,,0.33,,,0.02,0.02,3,7,2,7,6,M,19,White
269,23202,w,2,ip_00385,2015-02-04 15:08:49,2018-01-18 18:21:33,413,6.88,23202-17784,"5,2,9,3,8",0.70,0.77,,0.14,,,0.02,0.02,5,6,4,5,5,F,19,Asian
270,23219,n,1,ip_00387,2015-02-04 15:10:54,2018-01-18 18:21:33,237,3.95,23219-59976,"5,9,2,8,3",0.86,0.89,,0.23,,,0.05,0.30,4,5,4,6,5,M,19,Asian
271,23220,w,1,ip_00410,2015-02-04 15:10:56,2018-01-18 18:21:33,244,4.07,23220-22320,"5,9,2,8,3",0.89,0.52,,0.33,,,0.11,0.08,1,7,4,4,6,F,22,Asian
272,23263,n,2,ip_00387,2015-02-04 16:04:34,2018-01-18 18:21:33,237,3.95,23263-63648,"5,2,9,3,8",0.67,0.70,,0.42,,,0.39,0.20,4,7,1,6,2,F,22,Asian
273,23270,w,1,ip_00410,2015-02-04 16:05:43,2018-01-18 18:21:33,176,2.93,23270-17136,"5,9,2,8,3",0.61,0.45,,0.39,,,0.33,0.20,3,7,1,4,5,F,20,Asian
274,23285,n,1,ip_00385,2015-02-04 16:07:58,2018-01-18 18:21:33,205,3.42,23285-53064,"5,9,2,8,3",0.48,0.23,,0.02,,,0.02,0.02,3,7,2,5,4,F,20,White
275,23288,w,1,ip_00386,2015-02-04 16:08:20,2018-01-18 18:21:33,208,3.47,23288-55152,"5,9,2,8,3",0.77,0.55,,0.52,,,0.48,0.02,4,5,2,3,4,F,20,Asian
276,23333,n,1,ip_00387,2015-02-04 17:06:01,2018-01-18 18:21:33,193,3.22,23333-34344,"5,9,2,8,3",0.98,0.67,,0.42,,,0.11,0.11,1,7,4,5,6,F,19,White
277,23340,w,2,ip_00410,2015-02-04 17:08:08,2018-01-18 18:21:33,179,2.98,23340-54648,"5,2,9,3,8",0.52,0.20,,0.11,,,0.11,0.11,2,6,4,6,6,M,22,Asian
278,23349,n,2,ip_00385,2015-02-04 17:10:22,2018-01-18 18:21:33,189,3.15,23349-10584,"5,2,9,3,8",0.11,0.11,,0.02,,,0.02,0.02,1,7,1,7,7,M,20,Asian
279,23356,w,1,ip_00386,2015-02-04 17:12:53,2018-01-18 18:21:33,291,4.85,23356-29808,"5,9,2,8,3",0.52,0.52,,0.02,,,0.02,0.02,5,5,4,5,3,M,18,Asian
280,23403,n,2,ip_00387,2015-02-05 13:09:32,2018-01-18 18:21:33,269,4.48,23403-41904,"5,2,9,3,8",0.95,0.52,,0.02,,,0.17,0.20,4,7,3,4,5,F,20,Asian
281,23406,w,2,ip_00386,2015-02-05 13:10:02,2018-01-18 18:21:33,352,5.87,23406-16488,"5,2,9,3,8",0.42,0.23,,0.39,,,0.11,0.02,3,6,2,6,6,M,18,Asian
282,23413,n,1,ip_00385,2015-02-05 13:10:45,2018-01-18 18:21:33,356,5.93,23413-15624,"5,9,2,8,3",0.73,0.80,,0.39,,,0.39,0.39,3,7,2,6,4,F,20,Asian
283,23450,w,1,ip_00385,2015-02-05 14:05:10,2018-01-18 18:21:33,228,3.80,23450-14688,"5,9,2,8,3",0.39,0.27,,0.39,,,0.08,0.02,2,7,2,7,5,F,19,White
284,23465,n,2,ip_00386,2015-02-05 14:07:28,2018-01-18 18:21:33,273,4.55,23465-56664,"5,2,9,3,8",0.80,0.95,,0.77,,,0.14,0.17,8,6,2,4,4,F,20,Asian
285,23468,w,1,ip_00410,2015-02-05 14:07:45,2018-01-18 18:21:33,288,4.80,23468-24336,"5,9,2,8,3",0.98,0.95,,0.23,,,0.23,0.08,1,7,2,4,2,F,19,Asian
286,23510,w,2,ip_00387,2015-02-05 15:04:53,2018-01-18 18:21:33,176,2.93,23510-37800,"5,2,9,3,8",0.61,0.58,,0.45,,,0.39,0.11,4,7,1,7,4,F,21,Asian
287,23525,n,2,ip_00385,2015-02-05 15:07:30,2018-01-18 18:21:33,236,3.93,23525-23832,"5,2,9,3,8",0.23,0.58,,0.14,,,0.02,0.02,2,7,1,6,6,F,24,Asian
288,23529,n,2,ip_00386,2015-02-05 15:08:03,2018-01-18 18:21:33,184,3.07,23529-22464,"5,2,9,3,8",0.17,0.11,,0.02,,,0.02,0.02,1,7,1,7,7,M,24,Asian
289,23537,n,1,ip_00410,2015-02-05 15:10:27,2018-01-18 18:21:33,181,3.02,23537-33192,"5,9,2,8,3",0.48,0.45,,0.23,,,0.11,0.02,3,7,1,6,3,F,23,Asian
290,23582,w,2,ip_00385,2015-02-05 16:04:56,2018-01-18 18:21:33,205,3.42,23582-51912,"5,2,9,3,8",0.73,0.48,,0.39,,,0.11,0.11,2,3,4,3,6,M,19,White
291,23589,n,1,ip_00410,2015-02-05 16:05:32,2018-01-18 18:21:33,205,3.42,23589-18288,"5,9,2,8,3",0.98,0.48,,0.08,,,0.02,0.02,1,7,1,6,3,M,19,Other
292,23598,w,1,ip_00386,2015-02-05 16:07:42,2018-01-18 18:21:33,186,3.10,23598-46440,"5,9,2,8,3",0.80,0.70,,0.52,,,0.20,0.11,2,7,1,7,6,M,23,Asian
293,23605,n,1,ip_00387,2015-02-05 16:09:04,2018-01-18 18:21:33,323,5.38,23605-5616,"5,9,2,8,3",0.70,0.58,,0.64,,,0.39,0.48,4,7,2,4,3,F,20,Asian
294,23647,n,2,ip_00410,2015-02-05 17:01:56,2018-01-18 18:21:33,186,3.10,23647-20880,"5,2,9,3,8",0.61,0.52,,0.48,,,0.39,0.36,3,7,1,7,6,F,19,White
295,23656,w,1,ip_00387,2015-02-05 17:02:54,2018-01-18 18:21:33,197,3.28,23656-55368,"5,9,2,8,3",0.45,0.39,,0.39,,,0.39,0.39,1,7,1,5,5,M,22,Asian
296,23663,n,2,ip_00385,2015-02-05 17:04:21,2018-01-18 18:21:33,266,4.43,23663-33192,"5,2,9,3,8",0.77,0.77,,0.67,,,0.11,0.02,9,7,3,2,1,M,20,Asian
297,23676,w,2,ip_00386,2015-02-05 17:11:48,2018-01-18 18:21:33,240,4.00,23676-24768,"5,2,9,3,8",0.02,0.02,,0.42,,,0.98,0.45,7,4,6,5,5,M,22,Asian
298,23720,w,2,ip_00385,2015-02-06 13:00:17,2018-01-18 18:21:33,191,3.18,23720-57384,"5,2,9,3,8",0.39,0.39,,0.39,,,0.11,0.02,6,7,4,4,4,F,20,Asian
299,23729,n,1,ip_00387,2015-02-06 13:01:27,2018-01-18 18:21:33,196,3.27,23729-41976,"5,9,2,8,3",0.52,0.36,,0.64,,,0.23,0.14,4,7,3,6,3,F,20,Asian
300,23741,n,1,ip_00386,2015-02-06 13:03:13,2018-01-18 18:21:33,254,4.23,23741-5976,"5,9,2,8,3",0.61,0.80,,0.61,,,0.02,0.02,3,6,3,5,5,M,22,Asian
301,23752,w,1,ip_00410,2015-02-06 13:08:25,2018-01-18 18:21:33,242,4.03,23752-53352,"5,9,2,8,3",0.73,0.70,,0.45,,,0.42,0.23,5,7,2,5,6,F,21,Asian
302,23801,n,2,ip_00386,2015-02-06 14:07:12,2018-01-18 18:21:33,185,3.08,23801-13608,"5,2,9,3,8",0.98,0.89,,0.61,,,0.64,0.39,5,5,3,4,3,F,20,Asian
303,23806,w,2,ip_00385,2015-02-06 14:07:46,2018-01-18 18:21:33,168,2.80,23806-44928,"5,2,9,3,8",0.36,0.33,,0.33,,,0.14,0.02,3,7,4,6,4,F,20,Asian
304,23819,n,1,ip_00410,2015-02-06 14:08:47,2018-01-18 18:21:33,340,5.67,23819-23112,"5,9,2,8,3",0.14,0.11,,0.11,,,0.05,0.05,2,4,1,6,5,F,20,White
305,23820,w,2,ip_00387,2015-02-06 14:09:11,2018-01-18 18:21:33,249,4.15,23820-15624,"5,2,9,3,8",0.70,0.61,,0.61,,,0.48,0.48,5,7,1,5,5,F,18,Asian
306,23832,w,1,ip_00320,2015-02-11 11:25:27,2018-01-18 18:21:33,,,,"5,9,2,8,3",,,,,,,,,,,,,,,,
307,23861,n,2,ip_00387,2015-03-03 18:42:54,2018-01-18 18:21:33,,,,"5,2,9,3,8",,,,,,,,,,,,,,,,
308,23867,n,1,ip_00411,2015-03-06 12:29:22,2018-01-18 18:21:33,221,3.68,23867-63576,"5,9,2,8,3",0.52,0.27,,0.48,,,0.05,0.02,5,7,3,7,6,M,1,Other
309,23869,n,1,ip_01345,2015-03-06 12:41:57,2018-01-18 18:21:33,,,,"5,9,2,8,3",,,,,,,,,,,,,,,,
310,23870,w,1,ip_00329,2015-03-06 16:22:51,2018-01-18 18:21:33,,,,"5,9,2,8,3",,,,,,,,,,,,,,,,
311,23952,w,1,ip_00396,2015-03-09 08:08:13,2018-01-18 18:21:33,174,2.90,23952-8136,"5,9,2,8,3",0.36,0.23,,0.30,,,0.02,0.02,1,7,3,7,7,M,22,White
312,23929,n,1,ip_00408,2015-03-09 08:10:49,2018-01-18 18:21:33,263,4.38,23929-61848,"5,9,2,8,3",0.83,0.83,,0.52,,,0.20,0.11,3,7,1,5,6,F,25,Asian
313,23961,n,1,ip_00400,2015-03-09 09:07:30,2018-01-18 18:21:33,150,2.50,23961-62640,"5,9,2,8,3",0.70,0.61,,0.70,,,0.61,0.39,3,7,2,6,4,F,22,Other
314,23959,n,2,ip_00402,2015-03-09 09:07:30,2018-01-18 18:21:33,148,2.47,23959-19224,"5,2,9,3,8",0.61,0.58,,0.48,,,0.48,0.48,3,6,2,5,4,F,19,Asian
315,23960,w,1,ip_00408,2015-03-09 09:08:10,2018-01-18 18:21:33,193,3.22,23960-19368,"5,9,2,8,3",0.61,0.52,,0.17,,,0.11,0.05,3,6,2,2,5,F,21,Asian
316,23962,w,1,ip_00407,2015-03-09 09:08:52,2018-01-18 18:21:33,224,3.73,23962-31752,"5,9,2,8,3",0.89,0.61,,0.02,,,0.98,0.98,7,6,6,2,6,F,32,Asian
317,23963,n,2,ip_00395,2015-03-09 09:09:28,2018-01-18 18:21:33,370,6.17,23963-49608,"5,2,9,3,8",0.73,0.73,,0.73,,,0.42,0.23,3,7,1,5,6,M,21,Asian
318,23964,w,1,ip_00409,2015-03-09 09:09:29,2018-01-18 18:21:33,277,4.62,23964-52344,"5,9,2,8,3",0.86,0.86,,0.61,,,0.17,0.20,5,6,1,4,3,F,20,Asian
319,23965,n,1,ip_00394,2015-03-09 09:11:39,2018-01-18 18:21:33,179,2.98,23965-62712,"5,9,2,8,3",0.83,0.80,,0.39,,,0.42,0.20,8,7,3,3,3,M,20,Asian
320,23966,w,2,ip_00398,2015-03-09 09:11:40,2018-01-18 18:21:33,311,5.18,23966-47448,"5,2,9,3,8",0.98,0.86,,0.27,,,0.11,0.08,5,7,2,5,3,F,22,Asian
321,23967,n,2,ip_00392,2015-03-09 09:12:10,2018-01-18 18:21:33,323,5.38,23967-8856,"5,2,9,3,8",0.55,0.80,,0.52,,,0.11,0.95,4,7,2,6,6,M,28,Asian
322,23968,w,2,ip_00402,2015-03-09 10:08:54,2018-01-18 18:21:33,136,2.27,23968-26640,"5,2,9,3,8",0.80,0.58,,0.61,,,0.23,0.52,2,7,1,7,6,M,21,Asian
323,23975,n,2,ip_00401,2015-03-09 10:09:22,2018-01-18 18:21:33,159,2.65,23975-39384,"5,2,9,3,8",0.61,0.52,,0.30,,,0.27,0.20,4,7,2,5,4,F,21,Asian
324,23969,n,2,ip_00400,2015-03-09 10:09:23,2018-01-18 18:21:33,201,3.35,23969-17208,"5,2,9,3,8",0.98,0.08,,0.05,,,0.02,0.02,3,6,3,6,6,M,20,Asian
325,23972,w,1,ip_00392,2015-03-09 10:09:39,2018-01-18 18:21:33,146,2.43,23972-12096,"5,9,2,8,3",0.86,0.70,,0.48,,,0.11,0.11,4,7,2,6,7,F,20,Asian
326,23970,w,2,ip_00408,2015-03-09 10:09:43,2018-01-18 18:21:33,197,3.28,23970-14040,"5,2,9,3,8",0.55,0.27,,0.08,,,0.05,0.02,5,7,2,5,5,F,21,Asian
327,23976,w,1,ip_00398,2015-03-09 10:10:17,2018-01-18 18:21:33,188,3.13,23976-5904,"5,9,2,8,3",0.48,0.23,,0.17,,,0.05,0.02,3,7,1,5,5,F,18,Asian
328,23974,w,1,ip_00409,2015-03-09 10:10:25,2018-01-18 18:21:33,226,3.77,23974-47448,"5,9,2,8,3",0.61,0.30,,0.58,,,0.11,0.08,6,7,2,4,3,F,19,Asian
329,23977,n,1,ip_00395,2015-03-09 10:10:32,2018-01-18 18:21:33,192,3.20,23977-36144,"5,9,2,8,3",0.98,0.98,,0.98,,,0.98,0.98,5,4,4,5,5,M,20,Black or African American
330,23978,w,1,ip_00406,2015-03-09 10:10:38,2018-01-18 18:21:33,211,3.52,23978-48096,"5,9,2,8,3",0.86,0.70,,0.61,,,0.42,0.45,3,6,3,5,6,F,17,Asian
331,23979,n,1,ip_00393,2015-03-09 10:11:56,2018-01-18 18:21:33,204,3.40,23979-15696,"5,9,2,8,3",0.39,0.20,,0.17,,,0.08,0.02,3,6,2,7,4,M,19,Asian
332,23980,w,1,ip_00397,2015-03-09 10:12:59,2018-01-18 18:21:33,186,3.10,23980-27792,"5,9,2,8,3",0.89,0.80,,0.80,,,0.27,0.14,7,7,2,2,5,F,22,Asian
333,23981,n,2,ip_00396,2015-03-09 10:12:59,2018-01-18 18:21:33,209,3.48,23981-46872,"5,2,9,3,8",0.80,0.77,,0.61,,,0.14,0.05,3,7,2,6,6,F,21,Asian
334,23973,n,2,ip_00394,2015-03-09 10:13:59,2018-01-18 18:21:33,262,4.37,23973-13896,"5,2,9,3,8",0.80,0.83,,0.73,,,0.11,0.02,2,7,4,6,6,M,21,White
335,23990,w,2,ip_00409,2015-03-09 11:08:16,2018-01-18 18:21:33,185,3.08,23990-21312,"5,2,9,3,8",0.70,0.48,,0.48,,,0.39,0.23,3,7,1,5,6,F,25,White
336,23989,n,1,ip_00402,2015-03-09 11:08:39,2018-01-18 18:21:33,,,,"5,9,2,8,3",,,,,,,,,,,,,,,,
337,23983,n,1,ip_00395,2015-03-09 11:08:45,2018-01-18 18:21:33,191,3.18,23983-27360,"5,9,2,8,3",0.98,0.98,,0.52,,,0.11,0.27,4,7,2,5,5,F,30,Asian
338,23993,n,2,ip_00393,2015-03-09 11:09:15,2018-01-18 18:21:33,151,2.52,23993-12312,"5,2,9,3,8",0.95,0.92,,0.80,,,0.48,0.11,5,7,3,6,6,F,19,Asian
339,23984,w,1,ip_00392,2015-03-09 11:09:52,2018-01-18 18:21:33,169,2.82,23984-39168,"5,9,2,8,3",0.67,0.58,,0.39,,,0.11,0.08,2,7,1,7,7,F,19,Asian
340,23992,w,2,ip_00394,2015-03-09 11:09:55,2018-01-18 18:21:33,190,3.17,23992-62280,"5,2,9,3,8",0.48,0.61,,0.48,,,0.02,0.02,2,6,2,6,6,M,22,White
341,23988,w,1,ip_00401,2015-03-09 11:10:44,2018-01-18 18:21:33,279,4.65,23988-18648,"5,9,2,8,3",0.23,0.05,,0.14,,,0.02,0.02,1,5,3,5,5,M,60,White
342,23994,w,2,ip_00404,2015-03-09 11:11:34,2018-01-18 18:21:33,203,3.38,23994-45144,"5,2,9,3,8",0.11,0.11,,0.11,,,0.02,0.02,10,5,4,5,5,M,22,Asian
343,23987,n,1,ip_00398,2015-03-09 11:11:43,2018-01-18 18:21:33,164,2.73,23987-46224,"5,9,2,8,3",0.86,0.73,,0.42,,,0.23,0.11,3,7,2,5,6,M,22,White
344,23991,n,1,ip_00400,2015-03-09 11:11:45,2018-01-18 18:21:33,452,7.53,23991-56520,"5,9,2,8,3",0.89,0.89,,0.42,,,0.05,0.02,4,7,5,4,6,F,20,Other
345,23995,n,1,ip_00391,2015-03-09 11:13:57,2018-01-18 18:21:33,356,5.93,23995-40824,"5,9,2,8,3",0.98,0.80,,0.80,,,0.05,0.02,5,7,1,1,1,M,29,Asian
346,23996,w,1,ip_00407,2015-03-09 11:15:14,2018-01-18 18:21:33,331,5.52,23996-9504,"5,9,2,8,3",0.23,0.77,,0.86,,,0.52,0.77,3,7,7,4,5,F,28,Asian
347,23985,n,2,ip_00408,2015-03-09 11:15:23,2018-01-18 18:21:33,,,,"5,2,9,3,8",,,,,,,,,,,,,,,,
348,23982,w,1,ip_00406,2015-03-09 11:16:43,2018-01-18 18:21:33,369,6.15,23982-58752,"5,9,2,8,3",0.45,0.39,,0.45,,,0.39,0.48,1,5,7,4,5,F,25,Asian
349,23997,n,1,ip_00405,2015-03-09 11:18:07,2018-01-18 18:21:33,345,5.75,23997-22680,"5,9,2,8,3",0.70,0.61,,0.45,,,0.27,0.20,3,7,1,6,5,M,28,Other
350,23998,w,1,ip_00409,2015-03-09 12:06:48,2018-01-18 18:21:33,146,2.43,23998-24984,"5,9,2,8,3",0.70,0.92,,0.48,,,0.11,0.05,3,7,1,5,6,F,19,Asian
351,24007,n,1,ip_00400,2015-03-09 12:06:52,2018-01-18 18:21:33,139,2.32,24007-48960,"5,9,2,8,3",0.89,0.48,,0.48,,,0.45,0.27,5,7,2,7,7,F,21,Asian
352,24008,w,1,ip_00408,2015-03-09 12:07:21,2018-01-18 18:21:33,125,2.08,24008-46080,"5,9,2,8,3",0.23,0.11,,0.02,,,0.02,0.02,1,7,4,5,6,M,22,White
353,24013,n,2,ip_00399,2015-03-09 12:08:00,2018-01-18 18:21:33,179,2.98,24013-59976,"5,2,9,3,8",0.83,0.70,,0.42,,,0.20,0.11,6,7,2,5,5,F,20,Other
354,24000,w,2,ip_00402,2015-03-09 12:08:00,2018-01-18 18:21:33,237,3.95,24000-23544,"5,2,9,3,8",0.61,0.23,,0.27,,,0.02,0.05,5,5,5,5,6,F,46,White
355,24003,n,2,ip_00398,2015-03-09 12:08:09,2018-01-18 18:21:33,207,3.45,24003-19224,"5,2,9,3,8",0.92,0.83,,0.48,,,0.05,0.02,4,7,1,5,5,F,22,Asian
356,24009,n,1,ip_00407,2015-03-09 12:08:14,2018-01-18 18:21:33,133,2.22,24009-13248,"5,9,2,8,3",0.02,0.02,,0.02,,,0.02,0.02,1,7,1,7,7,F,19,Asian
357,24014,w,1,ip_00389,2015-03-09 12:08:19,2018-01-18 18:21:33,205,3.42,24014-48456,"5,9,2,8,3",0.77,0.95,,0.52,,,0.48,0.23,3,6,2,6,5,F,22,White
358,24015,n,2,ip_00396,2015-03-09 12:08:20,2018-01-18 18:21:33,123,2.05,24015-7992,"5,2,9,3,8",0.67,0.67,,0.30,,,0.20,0.17,4,7,1,5,5,F,22,Asian
359,24005,n,1,ip_00401,2015-03-09 12:08:54,2018-01-18 18:21:33,211,3.52,24005-26712,"5,9,2,8,3",0.89,0.83,,0.48,,,0.73,0.23,5,7,1,4,4,F,20,Asian
360,24016,w,2,ip_00388,2015-03-09 12:08:55,2018-01-18 18:21:33,196,3.27,24016-47664,"5,2,9,3,8",0.89,0.70,,0.61,,,0.48,0.11,6,7,1,5,5,M,19,White
361,23999,n,1,ip_00392,2015-03-09 12:09:00,2018-01-18 18:21:33,170,2.83,23999-9504,"5,9,2,8,3",0.89,0.89,,0.61,,,0.11,0.02,3,6,3,2,4,F,22,Asian
362,24004,w,1,ip_00395,2015-03-09 12:09:03,2018-01-18 18:21:33,221,3.68,24004-8496,"5,9,2,8,3",0.70,0.58,,0.08,,,0.02,0.02,3,6,3,6,6,M,21,Asian
363,24002,w,2,ip_00394,2015-03-09 12:09:33,2018-01-18 18:21:33,172,2.87,24002-54792,"5,2,9,3,8",0.08,0.08,,0.05,,,0.05,0.02,1,7,1,6,7,F,27,White
364,24010,w,2,ip_00406,2015-03-09 12:14:23,2018-01-18 18:21:33,163,2.72,24010-6624,"5,2,9,3,8",0.80,0.70,,0.61,,,0.23,0.05,7,7,1,6,6,F,19,Asian
365,24030,w,2,ip_00409,2015-03-09 13:04:45,2018-01-18 18:21:33,165,2.75,24030-23976,"5,2,9,3,8",0.92,0.73,,0.61,,,0.30,0.14,4,7,2,6,5,F,19,Asian
366,24020,w,1,ip_00395,2015-03-09 13:06:16,2018-01-18 18:21:33,193,3.22,24020-42408,"5,9,2,8,3",0.83,0.48,,0.48,,,0.14,0.17,3,3,3,1,5,M,21,White
367,24032,w,2,ip_00393,2015-03-09 13:06:16,2018-01-18 18:21:33,125,2.08,24032-54216,"5,2,9,3,8",0.61,0.73,,0.42,,,0.14,0.11,4,7,1,5,6,M,22,Asian
368,24024,w,1,ip_00400,2015-03-09 13:06:42,2018-01-18 18:21:33,150,2.50,24024-61776,"5,9,2,8,3",0.92,0.95,,0.52,,,0.05,0.05,4,7,1,5,6,F,19,Asian
369,24033,n,1,ip_00390,2015-03-09 13:06:43,2018-01-18 18:21:33,157,2.62,24033-4392,"5,9,2,8,3",0.11,0.02,,0.30,,,0.11,0.05,2,7,2,5,5,F,21,Asian
370,24018,w,2,ip_00392,2015-03-09 13:06:43,2018-01-18 18:21:33,169,2.82,24018-48024,"5,2,9,3,8",0.42,0.20,,0.33,,,0.11,0.02,2,7,4,5,5,F,61,White
371,24031,n,2,ip_00406,2015-03-09 13:06:53,2018-01-18 18:21:33,114,1.90,24031-6480,"5,2,9,3,8",0.05,0.05,,0.05,,,0.02,0.02,1,7,1,7,5,M,19,Asian
372,24029,n,1,ip_00408,2015-03-09 13:06:55,2018-01-18 18:21:33,199,3.32,24029-55440,"5,9,2,8,3",0.89,0.89,,0.42,,,0.11,0.11,8,6,3,3,2,M,20,Asian
373,24023,n,2,ip_00401,2015-03-09 13:07:33,2018-01-18 18:21:33,198,3.30,24023-64080,"5,2,9,3,8",0.61,0.61,,0.45,,,0.11,0.11,3,7,1,7,6,F,19,Asian
374,24022,w,1,ip_00402,2015-03-09 13:07:52,2018-01-18 18:21:33,216,3.60,24022-25056,"5,9,2,8,3",0.89,0.86,,0.67,,,0.11,0.02,5,7,4,5,4,F,20,Asian
375,24021,n,1,ip_00394,2015-03-09 13:07:56,2018-01-18 18:21:33,182,3.03,24021-9360,"5,9,2,8,3",0.52,0.52,,0.14,,,0.11,0.02,1,6,3,6,6,M,20,White
376,24026,w,1,ip_00398,2015-03-09 13:07:57,2018-01-18 18:21:33,253,4.22,24026-24984,"5,9,2,8,3",0.23,0.23,,0.14,,,0.02,0.02,1,7,4,5,6,F,21,Asian
377,24028,w,1,ip_00407,2015-03-09 13:07:58,2018-01-18 18:21:33,252,4.20,24028-45144,"5,9,2,8,3",0.48,0.23,,0.23,,,0.14,0.14,2,7,3,5,7,M,22,White
378,24034,w,1,ip_00403,2015-03-09 13:10:25,2018-01-18 18:21:33,130,2.17,24034-63360,"5,9,2,8,3",0.77,0.77,,0.61,,,0.39,0.39,3,7,2,4,5,F,19,Asian
379,24045,n,1,ip_00394,2015-03-09 14:05:51,2018-01-18 18:21:33,105,1.75,24045-38808,"5,9,2,8,3",0.98,0.98,,0.08,,,0.02,0.02,5,7,1,6,7,M,19,Asian
380,24046,w,2,ip_00408,2015-03-09 14:06:45,2018-01-18 18:21:33,143,2.38,24046-25416,"5,2,9,3,8",0.02,0.02,,0.02,,,0.02,0.02,3,7,4,5,5,F,28,Hispanic or Latin American
381,24047,n,2,ip_00398,2015-03-09 14:07:27,2018-01-18 18:21:33,180,3.00,24047-24408,"5,2,9,3,8",0.80,0.30,,0.11,,,0.11,0.05,4,7,4,5,6,M,21,Asian
382,24041,n,1,ip_00392,2015-03-09 14:07:31,2018-01-18 18:21:33,181,3.02,24041-40248,"5,9,2,8,3",0.05,0.05,,0.39,,,0.02,0.02,1,7,2,6,7,F,19,Other
383,24038,w,1,ip_00401,2015-03-09 14:07:32,2018-01-18 18:21:33,148,2.47,24038-22896,"5,9,2,8,3",0.86,0.86,,0.70,,,0.39,0.20,5,7,2,4,5,F,21,Other
384,24049,n,2,ip_00388,2015-03-09 14:07:34,2018-01-18 18:21:33,155,2.58,24049-15408,"5,2,9,3,8",0.48,0.39,,0.39,,,0.39,0.23,3,6,3,5,6,F,22,Asian
385,24044,w,1,ip_00402,2015-03-09 14:07:34,2018-01-18 18:21:33,168,2.80,24044-28728,"5,9,2,8,3",0.39,0.36,,0.27,,,0.27,0.02,3,7,2,7,6,F,20,Asian
386,24035,n,2,ip_00403,2015-03-09 14:07:40,2018-01-18 18:21:33,160,2.67,24035-60696,"5,2,9,3,8",0.70,0.61,,0.42,,,0.23,0.48,4,7,1,7,7,F,21,Asian
387,24039,n,1,ip_00395,2015-03-09 14:07:48,2018-01-18 18:21:33,175,2.92,24039-35640,"5,9,2,8,3",0.20,0.05,,0.02,,,0.02,0.02,1,7,3,6,5,F,19,Asian
388,24050,w,2,ip_00399,2015-03-09 14:08:22,2018-01-18 18:21:33,157,2.62,24050-46440,"5,2,9,3,8",0.45,0.42,,0.30,,,0.11,0.11,3,7,1,6,5,F,21,Asian
389,24043,n,1,ip_00409,2015-03-09 14:08:40,2018-01-18 18:21:33,220,3.67,24043-5328,"5,9,2,8,3",0.20,0.55,,0.77,,,0.20,0.14,5,6,2,5,4,F,20,Asian
390,24051,n,2,ip_00389,2015-03-09 14:08:52,2018-01-18 18:21:33,161,2.68,24051-50976,"5,2,9,3,8",0.89,0.58,,0.55,,,0.42,0.48,4,7,4,1,6,F,23,White
391,24052,w,1,ip_00397,2015-03-09 14:11:16,2018-01-18 18:21:33,240,4.00,24052-56376,"5,9,2,8,3",0.61,0.61,,0.36,,,0.20,0.02,3,7,3,5,5,F,22,Asian
392,24053,n,1,ip_00393,2015-03-09 14:12:02,2018-01-18 18:21:33,187,3.12,24053-38592,"5,9,2,8,3",0.80,0.58,,0.42,,,0.05,0.02,3,7,1,7,7,F,23,White
393,24054,w,1,ip_00406,2015-03-09 14:15:51,2018-01-18 18:21:33,304,5.07,24054-27288,"5,9,2,8,3",0.61,0.27,,0.11,,,0.02,0.08,2,5,3,6,7,M,27,Other
394,24071,n,1,ip_00390,2015-03-09 15:07:23,2018-01-18 18:21:33,181,3.02,24071-24624,"5,9,2,8,3",0.39,0.20,,0.17,,,0.05,0.05,1,7,1,7,6,F,21,Asian
395,24059,n,1,ip_00394,2015-03-09 15:07:25,2018-01-18 18:21:33,202,3.37,24059-29520,"5,9,2,8,3",0.48,0.48,,0.48,,,0.48,0.48,5,7,4,5,5,F,24,Asian
396,24060,w,2,ip_00395,2015-03-09 15:07:30,2018-01-18 18:21:33,173,2.88,24060-31896,"5,2,9,3,8",0.98,0.73,,0.45,,,0.02,0.02,3,7,2,6,6,M,22,White
397,24061,n,2,ip_00402,2015-03-09 15:07:42,2018-01-18 18:21:33,218,3.63,24061-36864,"5,2,9,3,8",0.70,0.48,,0.33,,,0.17,0.11,5,6,1,6,6,M,23,Asian
398,24056,w,1,ip_00388,2015-03-09 15:07:46,2018-01-18 18:21:33,223,3.72,24056-5184,"5,9,2,8,3",0.70,0.61,,0.52,,,0.45,0.45,5,7,1,5,5,F,19,Asian
399,24066,w,1,ip_00401,2015-03-09 15:07:48,2018-01-18 18:21:33,208,3.47,24066-22248,"5,9,2,8,3",0.61,0.58,,0.64,,,0.58,0.45,5,7,2,5,5,F,22,Other
400,24072,w,1,ip_00400,2015-03-09 15:08:04,2018-01-18 18:21:33,172,2.87,24072-49608,"5,9,2,8,3",0.58,0.48,,0.23,,,0.20,0.05,2,7,2,7,6,F,22,Hispanic or Latin American
401,24058,w,2,ip_00392,2015-03-09 15:08:11,2018-01-18 18:21:33,146,2.43,24058-19224,"5,2,9,3,8",0.14,0.02,,0.02,,,0.02,0.02,2,7,1,6,6,M,22,Asian
402,24068,w,1,ip_00399,2015-03-09 15:08:17,2018-01-18 18:21:33,223,3.72,24068-34344,"5,9,2,8,3",0.48,0.39,,0.23,,,0.02,0.02,3,7,3,6,7,M,20,White
403,24064,w,2,ip_00408,2015-03-09 15:08:33,2018-01-18 18:21:33,154,2.57,24064-34632,"5,2,9,3,8",0.89,0.77,,0.55,,,0.02,0.02,2,6,3,6,6,F,25,Asian
404,24073,n,2,ip_00407,2015-03-09 15:08:40,2018-01-18 18:21:33,149,2.48,24073-37008,"5,2,9,3,8",0.83,0.61,,0.42,,,0.39,0.17,4,7,1,6,6,F,22,Asian
405,24074,w,2,ip_00409,2015-03-09 15:09:14,2018-01-18 18:21:33,203,3.38,24074-10584,"5,2,9,3,8",0.61,0.61,,0.39,,,0.23,0.11,4,7,1,6,6,F,21,Asian
406,24075,n,2,ip_00396,2015-03-09 15:09:39,2018-01-18 18:21:33,196,3.27,24075-49032,"5,2,9,3,8",0.48,0.52,,0.39,,,0.20,0.14,7,5,2,5,6,F,19,Asian
407,24077,n,2,ip_00402,2015-03-09 16:07:13,2018-01-18 18:21:33,124,2.07,24077-29088,"5,2,9,3,8",0.70,0.48,,0.64,,,0.45,0.17,4,7,1,6,5,F,18,Asian
408,24084,w,1,ip_00394,2015-03-09 16:07:20,2018-01-18 18:21:33,150,2.50,24084-42984,"5,9,2,8,3",0.89,0.70,,0.95,,,0.20,0.11,5,7,1,5,4,M,19,Asian
409,24078,w,1,ip_00401,2015-03-09 16:07:28,2018-01-18 18:21:33,195,3.25,24078-28944,"5,9,2,8,3",0.89,0.39,,0.39,,,0.11,0.05,1,7,3,7,7,M,20,Asian
410,24088,w,2,ip_00399,2015-03-09 16:07:43,2018-01-18 18:21:33,156,2.60,24088-45288,"5,2,9,3,8",0.48,0.45,,0.45,,,0.45,0.20,5,7,3,6,5,F,18,Asian
411,24089,n,1,ip_00393,2015-03-09 16:07:50,2018-01-18 18:21:33,188,3.13,24089-10728,"5,9,2,8,3",0.73,0.61,,0.42,,,0.20,0.20,4,6,3,5,6,F,19,Asian
412,24086,w,2,ip_00409,2015-03-09 16:08:20,2018-01-18 18:21:33,154,2.57,24086-37440,"5,2,9,3,8",0.89,0.89,,0.61,,,0.14,0.11,2,6,2,5,4,F,21,Asian
413,24082,w,2,ip_00408,2015-03-09 16:08:27,2018-01-18 18:21:33,168,2.80,24082-37872,"5,2,9,3,8",0.80,0.70,,0.39,,,0.02,0.02,4,7,4,6,5,M,19,Asian
414,24090,w,1,ip_00391,2015-03-09 16:08:31,2018-01-18 18:21:33,145,2.42,24090-26280,"5,9,2,8,3",0.77,0.52,,0.42,,,0.02,0.11,1,7,1,6,6,M,20,Asian
415,24079,n,2,ip_00407,2015-03-09 16:09:50,2018-01-18 18:21:33,309,5.15,24079-57384,"5,2,9,3,8",0.98,0.95,,0.89,,,0.48,0.11,3,7,2,4,5,M,29,Other
416,24091,n,1,ip_00397,2015-03-09 16:10:00,2018-01-18 18:21:33,273,4.55,24091-11520,"5,9,2,8,3",0.61,0.30,,0.30,,,0.02,0.02,2,7,3,6,7,F,23,Asian
417,24076,w,2,ip_00396,2015-03-09 16:10:17,2018-01-18 18:21:33,258,4.30,24076-30456,"5,2,9,3,8",0.61,0.61,,0.39,,,0.23,0.20,3,7,1,6,6,F,21,Asian
418,24085,n,1,ip_00400,2015-03-09 16:10:36,2018-01-18 18:21:33,175,2.92,24085-10368,"5,9,2,8,3",0.58,0.58,,0.39,,,0.30,0.11,3,7,1,6,6,F,22,Asian
419,24092,w,1,ip_00398,2015-03-09 16:12:00,2018-01-18 18:21:33,209,3.48,24092-24048,"5,9,2,8,3",0.48,0.36,,0.36,,,0.20,0.20,5,7,2,4,5,F,19,White
420,24099,n,2,ip_00401,2015-03-09 17:07:41,2018-01-18 18:21:33,166,2.77,24099-49536,"5,2,9,3,8",0.92,0.89,,0.77,,,0.23,0.23,4,7,1,5,6,F,19,White
421,24095,n,2,ip_00391,2015-03-09 17:07:53,2018-01-18 18:21:33,197,3.28,24095-23544,"5,2,9,3,8",0.48,0.23,,0.33,,,0.05,0.11,3,5,1,7,6,M,18,Other
422,24108,w,1,ip_00404,2015-03-09 17:08:16,2018-01-18 18:21:33,170,2.83,24108-30312,"5,9,2,8,3",0.98,0.98,,0.42,,,0.02,0.98,3,7,3,6,6,M,47,White
423,24109,n,1,ip_00406,2015-03-09 17:08:29,2018-01-18 18:21:33,216,3.60,24109-6768,"5,9,2,8,3",0.80,0.73,,0.73,,,0.48,0.42,5,6,2,3,3,M,21,Other
424,24097,n,1,ip_00409,2015-03-09 17:08:44,2018-01-18 18:21:33,259,4.32,24097-57384,"5,9,2,8,3",0.83,0.80,,0.33,,,0.27,0.30,2,7,1,6,5,F,26,Other
425,24107,n,1,ip_00407,2015-03-09 17:08:48,2018-01-18 18:21:33,228,3.80,24107-51480,"5,9,2,8,3",0.80,0.95,,0.52,,,0.08,0.08,3,7,1,6,6,M,25,Asian
426,24096,w,1,ip_00402,2015-03-09 17:09:19,2018-01-18 18:21:33,206,3.43,24096-21024,"5,9,2,8,3",0.14,0.05,,0.02,,,0.02,0.02,1,6,3,6,6,M,20,Asian
427,24106,w,1,ip_00398,2015-03-09 17:09:29,2018-01-18 18:21:33,221,3.68,24106-56808,"5,9,2,8,3",0.61,0.48,,0.45,,,0.36,0.08,6,7,1,4,4,F,29,Asian
428,24093,n,2,ip_00394,2015-03-09 17:09:56,2018-01-18 18:21:33,296,4.93,24093-25704,"5,2,9,3,8",0.02,0.02,,0.02,,,0.02,0.98,8,5,7,7,7,F,25,Other
429,24100,w,1,ip_00400,2015-03-09 17:10:01,2018-01-18 18:21:33,163,2.72,24100-56664,"5,9,2,8,3",0.61,0.45,,0.39,,,0.45,0.30,6,7,3,5,6,F,21,Asian
430,24110,w,2,ip_00392,2015-03-09 17:10:06,2018-01-18 18:21:33,168,2.80,24110-38376,"5,2,9,3,8",0.14,0.11,,0.17,,,0.05,0.02,2,7,1,7,7,M,21,Asian
431,24111,n,2,ip_00395,2015-03-09 17:10:39,2018-01-18 18:21:33,374,6.23,24111-6696,"5,2,9,3,8",0.73,0.73,,0.73,,,0.61,0.48,4,5,3,6,4,F,22,Asian
432,24094,w,1,ip_00393,2015-03-09 17:10:42,2018-01-18 18:21:33,187,3.12,24094-46224,"5,9,2,8,3",0.92,0.89,,0.33,,,0.05,0.05,3,7,3,5,5,F,20,White
433,24098,w,1,ip_00408,2015-03-09 17:34:05,2018-01-18 18:21:33,303,5.05,24098-7272,"5,9,2,8,3",0.61,0.58,,0.52,,,0.20,0.23,3,7,1,6,4,F,24,Asian
434,24118,w,2,ip_00321,2015-03-18 09:31:41,2018-01-18 18:21:33,,,,"5,2,9,3,8",,,,,,,,,,,,,,,,
435,31638,w,1,ip_00001,2017-05-17 14:17:02,2018-01-18 18:21:33,,,,"5,9,2,8,3",,,,,,,,,,,,,,,,
436,31639,n,1,ip_00002,2017-05-17 14:37:57,2018-01-18 18:21:33,,,,"5,9,2,8,3",,,,0.02,,,,,,,,,,,,
437,31675,n,1,ip_00456,2017-06-29 20:53:06,2018-01-18 18:21:33,,,,"5,9,2,8,3",,,,,,,,,,,,,,,,
438,31682,w,1,ip_02772,2017-07-04 09:19:16,2018-01-18 18:21:33,,,,"5,9,2,8,3",,,,,,,,,,,,,,,,
439,31693,n,1,ip_00324,2017-07-11 14:38:22,2018-01-18 18:21:33,,,,"5,9,2,8,3",0.02,0.02,,0.02,,,0.02,0.02,,,,,,,,
440,33945,n,1,ip_01513,2017-08-21 11:25:58,2018-01-18 18:21:33,,,,"5,9,2,8,3",,,,,,,,,,,,,,,,
441,34001,n,1,ip_00174,2018-01-15 20:26:06,2018-01-18 18:21:33,,,,"5,9,2,8,3",0.17,0.95,,0.23,,,0.80,0.02,3,6,3,6,6,,,
442,34004,w,2,ip_00326,2018-01-18 17:43:24,2018-01-18 18:21:33,,,,"5,2,9,3,8",0.98,0.98,,0.98,,,0.98,0.98,1,1,1,1,1,,,
443,34005,n,2,ip_00335,2018-01-18 17:56:07,2018-01-18 18:22:34,,,,"5,2,9,3,8",0.98,0.33,,0.98,,,0.52,0.98,5,5,5,5,5,,,
444,35424,w,2,ip_00455,2019-03-02 17:56:06,2019-03-02 17:56:06,,,,"5,2,9,3,8",,,,,,,,,,,,,,,,
445,36067,n,1,ip_00636,2019-12-29 20:50:02,2019-12-29 21:35:14,2712,45.20,36067-16632,"5,9,2,8,3",0.98,0.98,,0.98,,,0.98,0.98,5,5,5,5,5,F,1,American Indian or Alaskan Native
446,36100,w,1,ip_00001,2020-05-20 09:53:36,2020-05-20 09:53:36,,,,"5,9,2,8,3",,,,,,,,,,,,,,,,
